date,open,close,high,low
2017-08-17,16199.91,4285.08,16199.91,4200.74
2017-08-18,4285.08,4108.37,4371.52,3938.77
2017-08-19,4108.37,4139.98,4184.69,3850.0
2017-08-20,4139.98,4086.29,4211.08,4032.62
2017-08-21,4086.29,4016.0,4119.62,3911.79
2017-08-22,4016.0,4040.0,4104.82,3400.0
2017-08-23,4040.0,4114.01,4265.8,4013.89
2017-08-24,4114.01,4316.01,4371.68,4085.01
2017-08-25,4316.01,4280.68,4453.91,4247.48
2017-08-26,4280.68,4337.44,4367.0,4212.41
2017-08-27,4337.44,4310.01,4400.0,4285.54
2017-08-28,4310.01,4386.69,4399.82,4124.54
2017-08-29,4386.69,4587.48,4625.85,4313.55
2017-08-30,4587.48,4555.14,4647.51,4416.01
2017-08-31,4555.14,4724.89,4745.42,4555.14
2017-09-01,4724.89,4834.91,4885.55,4654.88
2017-09-02,4834.91,4472.14,4939.19,4286.87
2017-09-03,4472.14,4509.08,4714.76,4298.33
2017-09-04,4509.08,4100.11,4527.49,3972.51
2017-09-05,4100.11,4366.47,4484.99,3603.0
2017-09-06,4366.47,4619.77,4662.87,4335.26
2017-09-07,4619.77,4691.61,4788.59,4438.19
2017-09-08,4691.61,4282.8,4735.39,4028.93
2017-09-09,4282.8,4258.81,4426.62,4150.06
2017-09-10,4258.81,4130.37,4283.0,3801.0
2017-09-11,4130.37,4208.47,4334.43,4098.91
2017-09-12,4208.47,4163.72,4394.59,4040.8
2017-09-13,4163.72,3944.69,4165.38,3760.0
2017-09-14,3944.69,3189.02,3993.0,3165.13
2017-09-15,3189.02,3700.0,3856.0,2817.0
2017-09-16,3700.0,3714.95,3950.0,3470.66
2017-09-17,3714.95,3699.99,3748.21,3499.02
2017-09-18,3699.99,4035.01,4123.2,3690.0
2017-09-19,4035.01,3910.04,4089.97,3830.91
2017-09-20,3910.04,3900.0,4046.08,3820.0
2017-09-21,3900.0,3609.99,3910.0,3567.0
2017-09-22,3609.99,3590.0,3750.0,3505.55
2017-09-23,3595.87,3780.0,3817.19,3542.91
2017-09-24,3780.0,3660.02,3789.99,3622.76
2017-09-25,3660.02,3920.75,3979.87,3653.69
2017-09-26,3920.75,3882.35,3976.99,3850.05
2017-09-27,3882.35,4193.0,4249.94,3872.81
2017-09-28,4193.0,4174.5,4300.0,4101.0
2017-09-29,4174.5,4174.69,4263.86,3952.01
2017-09-30,4174.69,4378.51,4380.0,4138.1
2017-10-01,4378.51,4378.48,4406.52,4240.04
2017-10-02,4378.48,4380.0,4561.63,4360.0
2017-10-03,4380.0,4310.0,4467.33,4180.8
2017-10-04,4310.0,4208.59,4373.0,4142.0
2017-10-05,4208.59,4292.43,4355.0,4110.0
2017-10-06,4292.43,4369.0,4417.0,4292.0
2017-10-07,4369.0,4423.0,4479.5,4312.56
2017-10-08,4423.0,4640.0,4658.0,4423.0
2017-10-09,4640.0,4786.95,4889.98,4550.0
2017-10-10,4786.95,4783.06,4960.0,4680.59
2017-10-11,4783.06,4821.43,4881.61,4710.0
2017-10-12,4821.43,5430.0,5439.99,4810.16
2017-10-13,5430.0,5649.98,5846.17,5379.84
2017-10-14,5649.98,5869.99,5900.0,5580.01
2017-10-15,5869.99,5709.99,5922.3,5400.01
2017-10-16,5709.99,5760.02,5788.91,5585.19
2017-10-17,5760.02,5595.0,5774.98,5508.63
2017-10-18,5595.0,5512.06,5596.0,5037.95
2017-10-19,5512.06,5683.9,5710.0,5490.26
2017-10-20,5683.9,6010.01,6110.0,5600.0
2017-10-21,6010.01,6024.97,6171.0,5850.03
2017-10-22,6024.97,5950.02,6060.0,5720.03
2017-10-23,5950.02,5915.93,6080.0,5621.03
2017-10-24,5915.93,5477.03,5925.0,5450.0
2017-10-25,5477.03,5689.99,5704.96,5286.98
2017-10-26,5689.99,5861.77,5939.99,5650.0
2017-10-27,5861.77,5768.83,5980.0,5649.24
2017-10-28,5768.83,5719.64,5850.02,5630.03
2017-10-29,5719.64,6169.98,6189.88,5648.01
2017-10-30,6169.98,6120.5,6248.68,6030.0
2017-10-31,6120.5,6463.0,6498.01,6100.0
2017-11-01,6463.0,6753.98,6774.67,6338.02
2017-11-02,6753.98,7019.98,7300.0,6685.1
2017-11-03,7019.98,7115.04,7346.34,6923.0
2017-11-04,7115.04,7357.09,7480.99,6901.0
2017-11-05,7357.09,7345.01,7590.25,7279.02
2017-11-06,7345.01,6960.12,7401.0,6906.0
2017-11-07,6960.12,7064.04,7198.49,6901.0
2017-11-08,7064.04,7303.0,7770.0,6651.0
2017-11-09,7303.0,7079.99,7392.0,7015.0
2017-11-10,7079.99,6506.98,7279.91,6255.01
2017-11-11,6506.98,6245.05,6797.98,6100.0
2017-11-12,6245.05,5811.03,6630.0,5325.01
2017-11-13,5811.03,6465.99,6697.47,5699.99
2017-11-14,6465.99,6574.99,6684.98,6311.07
2017-11-15,6574.99,7240.06,7298.0,6574.99
2017-11-16,7240.06,7864.5,7940.0,7076.0
2017-11-17,7864.5,7699.19,7989.0,7451.0
2017-11-18,7699.19,7761.94,7819.99,7422.0
2017-11-19,7761.94,8038.0,8123.15,7650.33
2017-11-20,8038.0,8212.0,8319.99,7954.0
2017-11-21,8212.0,8119.51,8400.0,7801.0
2017-11-22,8119.51,8205.92,8322.68,8091.09
2017-11-23,8205.92,8019.99,8260.0,8000.0
2017-11-24,8019.99,8138.0,8369.0,7850.0
2017-11-25,8138.0,8700.01,8734.78,8090.0
2017-11-26,8700.01,9128.02,9350.0,8604.72
2017-11-27,9128.02,9650.0,9654.28,9112.04
2017-11-28,9650.0,9896.8,9939.0,9570.5
2017-11-29,9896.8,9687.88,11300.03,8520.0
2017-11-30,9687.88,9838.96,10900.0,8850.8
2017-12-01,9838.96,10782.99,10898.0,9380.0
2017-12-02,10782.99,10890.01,11190.0,10620.0
2017-12-03,10890.01,11165.41,11825.0,10500.0
2017-12-04,11165.41,11579.0,11600.0,10802.0
2017-12-05,11579.0,11699.99,11853.0,11447.68
2017-12-06,11699.99,13550.05,13615.23,11665.58
2017-12-07,13550.05,16599.0,16649.96,13050.0
2017-12-08,16599.0,15880.0,17204.99,14015.0
2017-12-09,15880.0,14656.07,16269.3,12535.0
2017-12-10,14656.07,14899.98,15720.12,12368.0
2017-12-11,14899.98,16587.97,17470.0,14899.98
2017-12-12,16587.97,16349.99,16976.45,15875.0
2017-12-13,16349.99,16033.29,16546.0,14666.56
2017-12-14,16033.29,16334.98,16445.0,15450.0
2017-12-15,16334.98,17539.83,17991.0,16298.45
2017-12-16,17539.83,19102.66,19539.0,17190.01
2017-12-17,19102.66,18860.02,19798.68,18510.0
2017-12-18,18860.02,18856.25,19300.0,17029.98
2017-12-19,18856.25,17295.2,18950.0,16300.0
2017-12-20,17295.2,16488.98,17720.35,14777.66
2017-12-21,16488.98,15492.64,17309.5,14022.0
2017-12-22,15492.64,13326.61,15699.34,10961.0
2017-12-23,13326.61,13300.0,14950.0,12978.18
2017-12-24,13300.0,13500.0,13819.99,11640.0
2017-12-25,13500.0,13699.34,14300.0,12708.0
2017-12-26,13699.34,15689.01,16050.0,13533.0
2017-12-27,15689.01,15459.99,16498.05,14200.15
2017-12-28,15459.99,14182.11,15539.99,13150.0
2017-12-29,14182.11,14378.9,14981.0,13850.0
2017-12-30,14378.9,12440.01,14398.85,11750.0
2017-12-31,12440.01,13716.36,14050.11,12149.98
2018-01-01,13716.36,13387.0,13818.55,12750.0
2018-01-02,13380.0,14675.11,15473.49,12890.02
2018-01-03,14675.11,14919.51,15307.56,14150.0
2018-01-04,14919.51,15059.54,15280.0,13918.04
2018-01-05,15059.54,16960.39,17176.24,14400.0
2018-01-06,16960.39,17069.79,17143.13,16011.21
2018-01-07,17069.79,16150.03,17099.96,15610.0
2018-01-08,16150.03,14902.54,16322.3,12812.0
2018-01-09,14902.54,14400.0,15500.0,14011.05
2018-01-10,14400.0,14907.09,14955.66,13131.31
2018-01-11,14907.09,13238.78,14968.68,11400.0
2018-01-12,13238.78,13740.01,14109.78,12500.0
2018-01-13,13740.01,14210.0,14580.0,13706.15
2018-01-14,14210.0,13474.99,14339.5,12569.2
2018-01-15,13474.99,13539.93,14249.99,12781.09
2018-01-16,13539.93,10900.0,13542.93,9035.0
2018-01-17,10900.0,10988.79,11680.99,9037.94
2018-01-18,10988.79,10961.97,11878.82,10435.33
2018-01-19,10961.97,11474.98,11795.0,10360.0
2018-01-20,11474.98,12799.94,13099.0,11412.45
2018-01-21,12799.94,11530.0,12799.94,10965.0
2018-01-22,11530.0,10760.05,11926.35,9900.24
2018-01-23,10760.05,10799.18,11399.0,9905.0
2018-01-24,10799.18,11350.0,11570.48,10500.0
2018-01-25,11349.99,11175.27,11794.05,10950.21
2018-01-26,11175.27,11089.0,11643.0,10311.15
2018-01-27,11089.0,11498.31,11650.0,10842.69
2018-01-28,11498.31,11879.95,12244.0,11408.0
2018-01-29,11879.95,11251.0,11975.02,11139.55
2018-01-30,11251.0,10237.51,11308.42,9900.0
2018-01-31,10237.51,10285.1,10425.85,9700.0
2018-02-01,10285.1,9224.52,10335.0,8750.99
2018-02-02,9224.52,8873.03,9250.0,8010.02
2018-02-03,8873.03,9199.96,9473.01,8229.0
2018-02-04,9199.96,8184.81,9368.0,7930.0
2018-02-05,8184.81,6939.99,8382.8,6625.0
2018-02-06,6939.99,7652.14,7878.0,6000.01
2018-02-07,7652.14,7599.0,8476.0,7150.01
2018-02-08,7599.0,7784.02,7844.0,7572.09
2018-02-09,7784.02,8683.92,8738.0,7784.02
2018-02-10,8683.92,8533.98,9065.78,8120.0
2018-02-11,8533.98,8063.88,8549.0,7726.53
2018-02-12,8063.88,8903.0,8989.0,8053.0
2018-02-13,8903.0,8539.9,8950.0,8351.0
2018-02-14,8539.9,9449.99,9489.6,8533.0
2018-02-15,9449.99,10000.09,10219.5,9301.5
2018-02-16,10000.09,10159.98,10323.37,9666.0
2018-02-17,10159.98,11039.55,11075.07,10050.0
2018-02-18,11039.55,10388.87,11274.0,10080.0
2018-02-19,10383.43,11153.0,11250.0,10270.33
2018-02-20,11153.0,11200.99,11786.01,11100.59
2018-02-21,11200.99,10437.6,11304.03,10200.0
2018-02-22,10437.6,9812.0,10933.44,9679.0
2018-02-23,9811.04,10131.04,10435.0,9570.19
2018-02-24,10131.04,9694.51,10496.97,9352.0
2018-02-25,9694.51,9590.0,9847.0,9274.8
2018-02-26,9590.0,10324.0,10444.32,9350.0
2018-02-27,10324.0,10569.04,10870.0,10121.0
2018-02-28,10569.04,10326.76,11098.0,10300.0
2018-03-01,10326.76,10920.0,11060.41,10240.0
2018-03-02,10920.0,11039.0,11200.0,10770.0
2018-03-03,11039.0,11464.48,11544.0,11015.01
2018-03-04,11464.48,11515.0,11565.0,11050.02
2018-03-05,11515.0,11454.0,11710.0,11415.01
2018-03-06,11454.0,10716.48,11455.0,10555.48
2018-03-07,10716.48,9910.0,10899.0,9389.31
2018-03-08,9910.0,9271.64,10099.0,9060.0
2018-03-09,9271.64,9227.0,9410.0,8329.0
2018-03-10,9227.0,8770.22,9490.0,8667.07
2018-03-11,8770.22,9533.57,9739.18,8450.0
2018-03-12,9533.57,9131.22,9888.88,8780.0
2018-03-13,9131.34,9150.0,9474.0,8823.0
2018-03-14,9150.0,8170.0,9333.78,7900.28
2018-03-15,8170.0,8240.98,8430.0,7650.0
2018-03-16,8240.98,8260.0,8611.64,7900.0
2018-03-17,8260.0,7824.8,8348.62,7721.99
2018-03-18,7824.8,8189.99,8317.4,7322.0
2018-03-19,8189.99,8600.0,8705.23,8088.4
2018-03-20,8600.0,8909.98,9050.0,8280.0
2018-03-21,8909.98,8885.0,9177.01,8750.6
2018-03-22,8885.0,8722.9,9100.0,8465.1
2018-03-23,8722.9,8898.03,8909.0,8269.0
2018-03-24,8898.03,8546.86,8999.95,8491.0
2018-03-25,8546.86,8470.15,8669.85,8365.77
2018-03-26,8470.15,8134.23,8514.89,7831.0
2018-03-27,8134.23,7795.51,8215.94,7730.0
2018-03-28,7795.51,7949.3,8109.0,7728.0
2018-03-29,7949.3,7090.14,7975.0,6941.11
2018-03-30,7090.14,6840.23,7292.43,6600.28
2018-03-31,6840.23,6923.91,7223.36,6777.0
2018-04-01,6923.91,6813.01,7049.98,6430.0
2018-04-02,6813.01,7056.0,7125.0,6765.0
2018-04-03,7056.0,7405.21,7520.0,7011.01
2018-04-04,7405.21,6796.1,7427.52,6707.0
2018-04-05,6796.1,6770.76,6902.0,6566.69
2018-04-06,6770.76,6601.39,6850.0,6500.0
2018-04-07,6601.39,6895.8,7070.0,6586.28
2018-04-08,6895.8,7018.0,7109.13,6880.0
2018-04-09,7018.0,6782.72,7185.0,6611.0
2018-04-10,6782.72,6843.9,6890.0,6656.0
2018-04-11,6843.9,6953.79,6990.0,6787.0
2018-04-12,6953.79,7923.0,8000.63,6743.2
2018-04-13,7923.0,7877.41,8233.39,7732.0
2018-04-14,7877.41,7999.01,8186.0,7810.0
2018-04-15,7999.01,8355.0,8429.54,7999.01
2018-04-16,8355.0,8064.92,8419.0,7867.0
2018-04-17,8064.92,7885.02,8173.7,7825.4
2018-04-18,7885.02,8173.0,8236.43,7868.0
2018-04-19,8173.0,8278.0,8296.0,8080.0
2018-04-20,8278.0,8856.98,8930.0,8177.09
2018-04-21,8856.98,8915.31,9035.0,8565.0
2018-04-22,8915.31,8787.02,9020.67,8727.68
2018-04-23,8787.02,8934.01,8985.0,8745.0
2018-04-24,8934.01,9622.02,9731.01,8922.0
2018-04-25,9619.99,8869.99,9759.82,8730.0
2018-04-26,8869.99,9266.0,9307.48,8651.62
2018-04-27,9266.0,8915.35,9395.0,8889.0
2018-04-28,8915.35,9348.0,9427.48,8870.0
2018-04-29,9348.0,9419.0,9570.51,9163.74
2018-04-30,9419.0,9246.01,9458.64,9124.99
2018-05-01,9246.01,9071.48,9248.99,8800.49
2018-05-02,9071.48,9247.84,9268.0,8970.2
2018-05-03,9247.84,9750.0,9844.0,9168.4
2018-05-04,9750.0,9713.99,9830.04,9520.85
2018-05-05,9713.99,9864.0,10020.0,9682.0
2018-05-06,9864.0,9659.01,9970.0,9417.03
2018-05-07,9659.01,9365.0,9689.67,9181.0
2018-05-08,9365.0,9184.0,9475.7,9060.54
2018-05-09,9187.56,9310.0,9390.0,8965.0
2018-05-10,9310.0,9002.2,9395.12,8970.0
2018-05-11,9002.2,8400.0,9016.8,8341.0
2018-05-12,8400.0,8465.94,8646.88,8153.0
2018-05-13,8465.94,8679.71,8763.36,8299.49
2018-05-14,8679.71,8663.34,8879.99,8277.0
2018-05-15,8663.34,8462.0,8859.99,8401.3
2018-05-16,8462.0,8330.0,8488.0,8083.01
2018-05-17,8330.0,8041.46,8464.0,7979.0
2018-05-18,8041.46,8239.81,8273.21,7911.9
2018-05-19,8239.81,8233.49,8390.8,8095.73
2018-05-20,8233.49,8526.98,8609.0,8163.9
2018-05-21,8526.98,8381.24,8589.0,8305.0
2018-05-22,8381.24,7977.11,8400.18,7935.11
2018-05-23,7977.11,7501.95,8031.9,7425.0
2018-05-24,7501.95,7575.01,7730.73,7266.99
2018-05-25,7575.01,7457.0,7649.55,7308.15
2018-05-26,7457.0,7333.96,7620.0,7300.0
2018-05-27,7333.96,7338.99,7400.0,7231.11
2018-05-28,7338.99,7099.0,7437.0,7058.02
2018-05-29,7099.0,7461.29,7540.0,7032.95
2018-05-30,7461.29,7375.96,7569.0,7260.5
2018-05-31,7375.96,7485.01,7651.01,7327.51
2018-06-01,7485.01,7521.01,7608.55,7355.54
2018-06-02,7521.01,7640.03,7697.33,7437.0
2018-06-03,7640.03,7714.26,7786.69,7600.0
2018-06-04,7714.26,7487.0,7760.52,7446.5
2018-06-05,7487.0,7625.0,7679.49,7358.0
2018-06-06,7625.0,7658.84,7699.0,7467.05
2018-06-07,7658.84,7691.08,7765.0,7620.0
2018-06-08,7691.08,7603.44,7703.5,7531.0
2018-06-09,7603.44,7491.73,7683.98,7450.0
2018-06-10,7491.73,6764.99,7491.73,6622.81
2018-06-11,6764.99,6872.0,6922.0,6610.0
2018-06-12,6872.0,6530.0,6890.51,6435.0
2018-06-13,6530.0,6292.78,6627.6,6118.68
2018-06-14,6292.78,6635.98,6720.0,6260.0
2018-06-15,6635.98,6388.9,6666.66,6362.31
2018-06-16,6388.9,6483.98,6560.0,6320.86
2018-06-17,6483.98,6449.61,6589.03,6422.0
2018-06-18,6449.61,6712.46,6794.37,6380.0
2018-06-19,6712.46,6741.21,6841.74,6653.0
2018-06-20,6741.21,6761.51,6817.23,6551.81
2018-06-21,6761.51,6718.84,6795.0,6672.57
2018-06-22,6718.84,6045.0,6733.97,5918.94
2018-06-23,6045.0,6149.98,6260.0,6008.48
2018-06-24,6149.98,6136.97,6259.8,5750.0
2018-06-25,6136.97,6252.0,6350.0,6080.0
2018-06-26,6252.0,6070.78,6272.54,6035.0
2018-06-27,6070.78,6133.73,6190.43,5971.0
2018-06-28,6133.73,5853.98,6173.01,5827.0
2018-06-29,5853.98,6197.92,6300.0,5780.0
2018-06-30,6197.92,6390.07,6528.99,6186.03
2018-07-01,6390.07,6356.81,6441.06,6251.0
2018-07-02,6356.81,6615.29,6685.0,6271.62
2018-07-03,6615.29,6513.86,6679.35,6463.01
2018-07-04,6513.86,6586.98,6784.92,6441.11
2018-07-05,6586.98,6529.2,6700.0,6453.78
2018-07-06,6529.2,6609.78,6648.54,6425.0
2018-07-07,6609.78,6756.98,6818.16,6508.88
2018-07-08,6756.98,6712.1,6780.0,6668.0
2018-07-09,6712.1,6662.12,6802.06,6612.24
2018-07-10,6662.12,6296.91,6681.0,6263.0
2018-07-11,6296.91,6378.07,6406.0,6278.99
2018-07-12,6378.07,6250.57,6380.28,6070.0
2018-07-13,6250.57,6214.57,6350.0,6110.0
2018-07-14,6214.57,6251.99,6335.0,6178.0
2018-07-15,6251.99,6353.01,6395.0,6225.4
2018-07-16,6353.01,6723.35,6747.3,6330.4
2018-07-17,6723.35,7317.44,7452.0,6652.04
2018-07-18,7317.44,7381.9,7588.08,7225.38
2018-07-19,7381.9,7466.21,7573.99,7270.0
2018-07-20,7466.21,7337.53,7700.0,7273.0
2018-07-21,7337.53,7398.78,7458.47,7211.0
2018-07-22,7398.78,7394.79,7582.4,7335.5
2018-07-23,7394.79,7721.01,7829.0,7375.0
2018-07-24,7721.01,8397.24,8486.0,7696.0
2018-07-25,8397.24,8175.64,8491.77,8050.0
2018-07-26,8175.64,7920.0,8315.69,7850.06
2018-07-27,7920.0,8188.57,8285.0,7805.0
2018-07-28,8188.57,8225.04,8246.54,8067.0
2018-07-29,8225.04,8211.0,8294.51,8115.0
2018-07-30,8211.0,8173.92,8273.0,7866.0
2018-07-31,8173.92,7730.93,8180.0,7633.0
2018-08-01,7730.93,7611.64,7750.0,7430.0
2018-08-02,7611.64,7525.71,7702.71,7455.72
2018-08-03,7525.71,7418.78,7540.0,7282.44
2018-08-04,7418.78,7009.84,7494.81,6926.0
2018-08-05,7009.84,7024.19,7089.87,6882.29
2018-08-06,7024.19,6934.82,7160.0,6821.0
2018-08-07,6934.82,6720.06,7150.46,6670.0
2018-08-08,6720.06,6285.0,6721.54,6123.0
2018-08-09,6285.0,6529.79,6622.81,6178.6
2018-08-10,6529.79,6144.01,6575.88,6026.39
2018-08-11,6144.01,6232.35,6488.0,5982.0
2018-08-12,6232.35,6308.33,6472.3,6130.0
2018-08-13,6308.33,6246.35,6540.1,6145.04
2018-08-14,6246.35,6188.08,6250.33,5880.0
2018-08-15,6188.08,6267.16,6609.0,6172.11
2018-08-16,6267.16,6311.75,6480.0,6205.6
2018-08-17,6311.75,6584.49,6585.0,6285.4
2018-08-18,6584.49,6387.96,6620.0,6288.0
2018-08-19,6387.96,6477.53,6541.0,6300.0
2018-08-20,6477.53,6254.84,6530.0,6220.0
2018-08-21,6254.84,6480.0,6500.0,6235.08
2018-08-22,6480.0,6360.89,6882.54,6251.2
2018-08-23,6360.89,6525.01,6576.99,6342.28
2018-08-24,6525.01,6681.64,6725.0,6440.5
2018-08-25,6681.64,6733.64,6789.0,6650.61
2018-08-26,6733.64,6700.0,6775.27,6568.0
2018-08-27,6700.0,6908.64,6940.51,6646.5
2018-08-28,6908.64,7076.11,7135.0,6860.0
2018-08-29,7076.11,7031.22,7133.81,6912.34
2018-08-30,7031.22,6984.84,7063.63,6784.81
2018-08-31,6984.84,7011.21,7089.0,6888.0
2018-09-01,7011.21,7200.01,7275.0,7008.74
2018-09-02,7200.01,7302.01,7345.45,7127.0
2018-09-03,7302.01,7263.02,7338.28,7191.63
2018-09-04,7263.02,7359.06,7409.9,7227.17
2018-09-05,7359.06,6700.0,7397.3,6682.0
2018-09-06,6700.0,6516.01,6725.0,6286.05
2018-09-07,6516.01,6395.54,6544.0,6320.0
2018-09-08,6395.54,6185.05,6478.0,6111.0
2018-09-09,6185.05,6250.81,6441.0,6141.53
2018-09-10,6250.81,6312.0,6373.98,6221.0
2018-09-11,6312.0,6294.91,6404.0,6170.0
2018-09-12,6294.91,6338.62,6360.0,6192.37
2018-09-13,6338.62,6487.38,6535.0,6337.4
2018-09-14,6487.38,6476.63,6584.99,6385.62
2018-09-15,6476.63,6514.96,6565.45,6466.13
2018-09-16,6514.96,6505.0,6524.62,6375.13
2018-09-17,6505.0,6248.69,6533.84,6201.0
2018-09-18,6248.69,6336.45,6390.0,6224.98
2018-09-19,6336.45,6391.89,6517.7,6123.0
2018-09-20,6391.89,6492.0,6540.0,6325.0
2018-09-21,6492.0,6759.02,6784.86,6491.0
2018-09-22,6759.02,6723.05,6839.03,6627.0
2018-09-23,6723.05,6708.0,6788.23,6661.75
2018-09-24,6708.0,6581.39,6730.0,6557.0
2018-09-25,6581.39,6447.54,6584.01,6325.02
2018-09-26,6447.54,6465.12,6557.99,6380.0
2018-09-27,6465.12,6689.13,6750.0,6434.0
2018-09-28,6689.13,6634.58,6814.8,6540.88
2018-09-29,6634.58,6596.38,6636.0,6464.57
2018-09-30,6596.38,6626.57,6662.0,6533.0
2018-10-01,6626.57,6611.61,6667.09,6510.0
2018-10-02,6611.61,6525.79,6640.0,6494.0
2018-10-03,6525.79,6510.0,6549.0,6430.0
2018-10-04,6510.0,6593.79,6643.46,6505.09
2018-10-05,6593.79,6635.65,6697.0,6543.08
2018-10-06,6635.65,6594.27,6651.0,6566.77
2018-10-07,6594.27,6615.26,6640.0,6525.0
2018-10-08,6615.26,6673.01,6715.6,6587.0
2018-10-09,6673.01,6656.61,6685.38,6607.0
2018-10-10,6656.61,6631.0,6659.95,6530.0
2018-10-11,6631.0,6252.68,6633.92,6205.0
2018-10-12,6252.68,6298.01,6360.0,6209.0
2018-10-13,6298.01,6332.93,6345.0,6285.07
2018-10-14,6332.93,6339.34,6416.0,6308.0
2018-10-15,6339.34,6752.5,7600.0,6300.0
2018-10-16,6752.5,6759.27,6900.0,6670.0
2018-10-17,6759.27,6740.89,6811.12,6676.01
2018-10-18,6740.89,6618.96,6796.0,6567.0
2018-10-19,6618.96,6528.88,6648.14,6523.0
2018-10-20,6528.88,6588.4,6617.65,6505.55
2018-10-21,6588.4,6590.11,6663.9,6580.0
2018-10-22,6590.11,6581.2,6639.0,6535.27
2018-10-23,6581.2,6553.51,6595.0,6515.45
2018-10-24,6553.51,6565.5,6630.0,6547.53
2018-10-25,6565.5,6528.09,6575.09,6502.8
2018-10-26,6528.09,6538.63,6600.0,6515.01
2018-10-27,6538.63,6505.6,6558.35,6476.18
2018-10-28,6505.6,6489.93,6514.17,6453.0
2018-10-29,6489.93,6344.5,6505.01,6315.0
2018-10-30,6344.5,6330.87,6395.0,6317.01
2018-10-31,6330.87,6371.93,6428.0,6245.02
2018-11-01,6371.93,6410.0,6442.65,6348.66
2018-11-02,6410.0,6433.98,6460.34,6388.2
2018-11-03,6433.98,6387.09,6439.97,6345.0
2018-11-04,6387.09,6485.85,6525.0,6359.0
2018-11-05,6485.85,6468.99,6504.39,6431.02
2018-11-06,6468.99,6519.11,6531.31,6445.18
2018-11-07,6519.11,6578.46,6615.15,6509.0
2018-11-08,6578.46,6479.84,6594.0,6468.22
2018-11-09,6479.84,6419.99,6511.53,6391.01
2018-11-10,6419.99,6433.05,6475.55,6411.0
2018-11-11,6433.05,6449.81,6462.14,6355.0
2018-11-12,6449.81,6453.07,6497.0,6421.0
2018-11-13,6453.07,6457.66,6498.0,6391.15
2018-11-14,6457.66,5922.41,6482.84,5656.87
2018-11-15,5922.41,5753.4,5939.54,5403.42
2018-11-16,5753.4,5655.94,5782.89,5549.25
2018-11-17,5655.94,5628.29,5656.6,5565.43
2018-11-18,5628.29,5662.0,5738.17,5617.0
2018-11-19,5662.0,4910.03,5664.0,4855.0
2018-11-20,4910.03,4558.86,5048.24,4326.0
2018-11-21,4558.86,4661.07,4787.2,4413.85
2018-11-22,4661.07,4370.0,4721.77,4335.0
2018-11-23,4370.0,4420.61,4484.0,4222.94
2018-11-24,4420.61,3932.44,4527.0,3824.69
2018-11-25,3932.44,4085.78,4233.0,3652.66
2018-11-26,4085.78,3862.2,4206.0,3701.0
2018-11-27,3862.2,3875.21,3940.0,3689.12
2018-11-28,3875.21,4264.85,4394.47,3874.27
2018-11-29,4264.85,4295.84,4450.38,4125.65
2018-11-30,4295.84,4041.32,4341.36,3943.0
2018-12-01,4041.32,4190.02,4299.99,3963.01
2018-12-02,4190.02,4161.01,4312.99,4103.04
2018-12-03,4161.01,3884.01,4179.0,3827.02
2018-12-04,3884.01,3951.64,4085.0,3785.94
2018-12-05,3951.64,3769.84,3970.0,3745.0
2018-12-06,3769.84,3508.75,3899.99,3500.0
2018-12-07,3508.75,3403.55,3549.99,3224.6
2018-12-08,3403.55,3410.93,3495.0,3276.47
2018-12-09,3410.93,3545.37,3658.0,3394.04
2018-12-10,3545.37,3432.88,3610.0,3370.11
2018-12-11,3432.88,3380.39,3463.5,3324.32
2018-12-12,3380.39,3445.0,3492.0,3350.0
2018-12-13,3445.0,3302.06,3460.0,3255.5
2018-12-14,3302.06,3224.17,3335.0,3177.0
2018-12-15,3224.17,3211.72,3276.5,3156.26
2018-12-16,3211.72,3228.67,3294.0,3186.0
2018-12-17,3228.67,3509.08,3585.0,3216.0
2018-12-18,3509.08,3652.98,3678.59,3424.47
2018-12-19,3652.98,3662.22,3912.73,3622.55
2018-12-20,3662.22,4049.62,4120.0,3635.0
2018-12-21,4049.62,3838.66,4139.99,3764.0
2018-12-22,3838.66,3948.91,3979.0,3785.0
2018-12-23,3948.91,3929.71,4021.53,3870.0
2018-12-24,3929.71,4008.01,4198.0,3924.83
2018-12-25,4008.01,3745.79,4020.0,3646.41
2018-12-26,3745.79,3777.74,3837.15,3656.74
2018-12-27,3777.74,3567.91,3813.98,3535.0
2018-12-28,3567.91,3839.26,3887.25,3540.04
2018-12-29,3839.26,3695.32,3892.0,3670.0
2018-12-30,3695.32,3801.91,3903.5,3657.9
2018-12-31,3801.91,3702.9,3810.0,3637.78
2019-01-01,3702.9,3797.14,3810.16,3642.0
2019-01-02,3797.14,3858.56,3882.14,3750.45
2019-01-03,3858.56,3766.78,3862.74,3730.0
2019-01-04,3766.78,3792.01,3823.64,3703.57
2019-01-05,3792.01,3770.96,3840.99,3751.0
2019-01-06,3770.96,3987.6,4027.71,3740.0
2019-01-07,3987.6,3975.45,4017.9,3921.53
2019-01-08,3975.45,3955.13,4067.66,3922.0
2019-01-09,3955.13,3966.65,4006.81,3930.04
2019-01-10,3966.65,3585.88,3996.01,3540.0
2019-01-11,3585.88,3601.31,3658.0,3526.98
2019-01-12,3601.31,3583.13,3618.19,3531.06
2019-01-13,3583.13,3476.81,3611.1,3444.28
2019-01-14,3476.81,3626.09,3671.87,3467.02
2019-01-15,3626.09,3553.06,3648.42,3518.44
2019-01-16,3553.06,3591.84,3645.0,3543.51
2019-01-17,3591.84,3616.21,3634.7,3533.44
2019-01-18,3616.21,3594.87,3619.99,3565.75
2019-01-19,3594.87,3665.3,3720.0,3594.23
2019-01-20,3665.3,3539.28,3693.73,3475.0
2019-01-21,3539.28,3526.9,3559.51,3485.04
2019-01-22,3526.9,3570.93,3608.5,3446.69
2019-01-23,3570.93,3552.82,3607.98,3514.5
2019-01-24,3552.82,3569.62,3589.0,3529.22
2019-01-25,3569.62,3565.29,3587.15,3522.51
2019-01-26,3565.29,3565.25,3662.94,3545.0
2019-01-27,3565.25,3550.84,3579.0,3486.0
2019-01-28,3550.84,3434.15,3557.75,3381.5
2019-01-29,3434.15,3411.04,3443.45,3349.92
2019-01-30,3411.04,3458.18,3478.0,3387.1
2019-01-31,3458.18,3434.1,3489.2,3418.8
2019-02-01,3434.1,3462.07,3488.0,3401.2
2019-02-02,3462.07,3504.77,3526.4,3440.29
2019-02-03,3504.77,3458.11,3511.09,3426.0
2019-02-04,3458.11,3463.22,3484.88,3433.31
2019-02-05,3463.22,3471.59,3478.97,3448.43
2019-02-06,3471.59,3405.37,3482.72,3380.0
2019-02-07,3405.37,3398.4,3426.45,3390.0
2019-02-08,3398.4,3659.04,3733.58,3373.1
2019-02-09,3659.04,3665.18,3680.02,3625.13
2019-02-10,3665.18,3680.06,3684.99,3609.76
2019-02-11,3680.06,3631.05,3684.9,3615.53
2019-02-12,3631.05,3631.46,3667.6,3582.34
2019-02-13,3631.46,3609.4,3670.0,3591.75
2019-02-14,3609.4,3590.56,3626.4,3568.11
2019-02-15,3590.56,3602.47,3653.23,3573.45
2019-02-16,3602.47,3618.41,3648.18,3597.91
2019-02-17,3618.41,3667.58,3700.11,3604.4
2019-02-18,3667.58,3898.6,3925.0,3655.0
2019-02-19,3898.6,3907.79,3994.52,3856.0
2019-02-20,3907.79,3969.74,3986.98,3870.66
2019-02-21,3969.74,3937.31,4016.48,3901.03
2019-02-22,3937.31,3962.0,3988.0,3926.65
2019-02-23,3962.0,4117.76,4162.02,3933.15
2019-02-24,4117.76,3743.56,4198.0,3712.66
2019-02-25,3743.56,3827.92,3872.66,3740.0
2019-02-26,3827.92,3809.23,3841.51,3777.0
2019-02-27,3809.23,3818.07,3838.85,3677.17
2019-02-28,3818.07,3813.69,3888.0,3763.87
2019-03-01,3813.69,3823.0,3857.0,3813.01
2019-03-02,3823.0,3819.93,3841.31,3772.25
2019-03-03,3819.93,3807.75,3835.0,3781.32
2019-03-04,3807.75,3715.3,3830.0,3670.69
2019-03-05,3715.3,3857.73,3877.1,3703.55
2019-03-06,3857.73,3861.84,3907.0,3813.09
2019-03-07,3861.84,3873.64,3905.4,3840.4
2019-03-08,3873.64,3864.89,3932.0,3800.0
2019-03-09,3864.89,3943.04,3971.75,3854.75
2019-03-10,3943.04,3916.82,3943.43,3881.69
2019-03-11,3916.82,3871.61,3936.98,3830.0
2019-03-12,3871.61,3882.73,3905.2,3826.06
2019-03-13,3882.73,3866.0,3893.56,3840.0
2019-03-14,3866.0,3877.12,3920.0,3810.43
2019-03-15,3877.12,3923.76,3939.22,3872.2
2019-03-16,3923.76,4005.98,4056.98,3921.98
2019-03-17,4005.98,3981.14,4012.0,3950.01
2019-03-18,3981.14,3987.81,4037.0,3953.33
2019-03-19,3987.81,4015.53,4031.0,3970.0
2019-03-20,4015.53,4043.04,4050.0,3980.5
2019-03-21,4043.04,3980.64,4069.32,3880.01
2019-03-22,3980.64,3986.93,4008.0,3968.25
2019-03-23,3986.93,4006.01,4018.83,3978.01
2019-03-24,4006.01,3992.18,4006.02,3950.0
2019-03-25,3992.18,3936.12,3999.3,3888.71
2019-03-26,3936.12,3948.55,3958.98,3894.0
2019-03-27,3948.55,4038.05,4048.0,3936.15
2019-03-28,4038.05,4027.81,4039.7,4002.0
2019-03-29,4027.81,4103.25,4123.71,4024.03
2019-03-30,4103.25,4106.97,4140.0,4052.0
2019-03-31,4106.97,4103.95,4116.12,4082.57
2019-04-01,4103.95,4144.56,4158.7,4067.0
2019-04-02,4144.56,4857.29,4897.99,4140.54
2019-04-03,4857.29,4932.6,5275.01,4753.5
2019-04-04,4932.6,4898.66,5039.08,4777.0
2019-04-05,4898.66,5004.95,5028.22,4880.62
2019-04-06,5004.95,5043.89,5205.0,4928.59
2019-04-07,5043.89,5170.27,5234.0,5026.0
2019-04-08,5170.27,5236.9,5305.0,5039.0
2019-04-09,5236.9,5150.0,5238.4,5076.68
2019-04-10,5150.0,5308.25,5422.0,5135.0
2019-04-11,5308.25,5017.37,5332.67,4927.0
2019-04-12,5017.37,5048.01,5080.58,4861.22
2019-04-13,5048.01,5045.22,5099.0,5004.0
2019-04-14,5045.22,5131.3,5152.99,5000.0
2019-04-15,5131.3,5024.95,5167.38,4950.0
2019-04-16,5024.95,5173.72,5197.72,5003.94
2019-04-17,5173.72,5202.82,5230.4,5146.8
2019-04-18,5202.82,5258.44,5287.0,5198.8
2019-04-19,5258.44,5258.68,5320.0,5175.0
2019-04-20,5258.68,5291.73,5333.42,5230.1
2019-04-21,5291.73,5256.14,5314.35,5165.0
2019-04-22,5256.14,5357.14,5400.0,5208.35
2019-04-23,5357.14,5493.31,5600.0,5332.41
2019-04-24,5493.31,5415.0,5582.2,5333.35
2019-04-25,5415.0,5219.9,5491.84,5102.0
2019-04-26,5219.9,5314.1,5510.0,5161.62
2019-04-27,5314.1,5295.69,5342.5,5257.67
2019-04-28,5295.69,5307.52,5340.0,5259.48
2019-04-29,5307.52,5238.14,5332.0,5178.8
2019-04-30,5238.14,5320.81,5339.98,5192.15
2019-05-01,5320.81,5383.2,5402.0,5316.2
2019-05-02,5383.2,5492.87,5538.0,5370.0
2019-05-03,5492.87,5772.69,5844.0,5477.57
2019-05-04,5772.69,5829.45,5900.0,5587.45
2019-05-05,5829.45,5775.62,5839.9,5696.0
2019-05-06,5775.62,5747.79,5805.0,5619.14
2019-05-07,5747.79,5846.34,6028.41,5747.74
2019-05-08,5846.34,5987.29,6014.72,5772.2
2019-05-09,5987.29,6209.18,6224.55,5983.71
2019-05-10,6209.18,6373.33,6468.92,6172.0
2019-05-11,6373.33,7076.22,7343.99,6372.85
2019-05-12,7076.22,6967.31,7521.78,6750.0
2019-05-13,6967.31,7790.71,8100.0,6870.0
2019-05-14,7790.71,7947.56,8366.0,7599.56
2019-05-15,7947.56,8169.87,8249.0,7850.0
2019-05-16,8169.87,7866.59,8320.0,7705.0
2019-05-17,7866.59,7355.26,7925.0,6913.0
2019-05-18,7355.26,7257.45,7458.0,7156.61
2019-05-19,7257.45,8148.48,8275.09,7243.08
2019-05-20,8148.48,7938.15,8156.03,7553.0
2019-05-21,7938.15,7904.87,8042.32,7771.0
2019-05-22,7904.87,7628.43,8016.0,7465.0
2019-05-23,7628.43,7851.51,7940.98,7461.0
2019-05-24,7851.51,7964.87,8130.0,7766.0
2019-05-25,7964.87,8025.41,8091.8,7908.34
2019-05-26,8025.41,8614.43,8740.0,7833.42
2019-05-27,8614.43,8756.32,8908.32,8589.0
2019-05-28,8756.32,8715.64,8798.49,8510.63
2019-05-29,8715.64,8645.68,8750.0,8406.6
2019-05-30,8645.68,8269.54,9074.26,8005.0
2019-05-31,8269.54,8555.0,8594.0,8108.5
2019-06-01,8555.0,8544.07,8626.0,8442.36
2019-06-02,8544.07,8725.98,8814.78,8524.0
2019-06-03,8725.98,8115.82,8800.95,8080.8
2019-06-04,8115.82,7687.03,8115.82,7481.02
2019-06-05,7687.03,7776.5,7896.7,7572.78
2019-06-06,7776.5,7786.7,7868.13,7444.58
2019-06-07,7786.7,7980.53,8100.0,7737.49
2019-06-08,7980.53,7893.62,8044.65,7751.0
2019-06-09,7893.62,7628.13,7935.0,7506.66
2019-06-10,7628.13,7982.75,8020.0,7511.0
2019-06-11,7982.75,7884.9,8010.0,7692.23
2019-06-12,7884.9,8127.64,8200.0,7788.99
2019-06-13,8127.64,8218.54,8309.82,8010.03
2019-06-14,8218.54,8650.0,8684.41,8144.32
2019-06-15,8650.0,8808.7,8864.99,8567.63
2019-06-16,8808.7,8953.33,9333.0,8760.0
2019-06-17,8953.33,9313.96,9444.0,8950.0
2019-06-18,9313.96,9081.55,9336.36,8950.0
2019-06-19,9081.55,9255.49,9304.0,8960.0
2019-06-20,9255.49,9517.12,9590.0,9175.2
2019-06-21,9517.12,10159.86,10174.99,9517.12
2019-06-22,10159.86,10729.5,11160.0,9921.72
2019-06-23,10729.5,10906.07,11392.64,10555.18
2019-06-24,10906.07,11056.59,11143.63,10620.8
2019-06-25,11056.59,11820.86,11850.0,11026.0
2019-06-26,11820.86,13093.8,13964.74,11741.0
2019-06-27,13299.99,11329.99,13347.99,10525.1
2019-06-28,11329.99,12400.63,12480.0,10982.88
2019-06-29,12400.63,11903.13,12441.54,11475.02
2019-06-30,11903.13,10854.1,12180.0,10766.03
2019-07-01,10854.1,10624.93,11282.28,10030.0
2019-07-02,10624.93,10842.85,10938.75,9727.0
2019-07-03,10842.85,11940.0,11991.89,10841.04
2019-07-04,11940.0,11145.67,12000.0,11055.0
2019-07-05,11145.67,10970.73,11406.83,10796.44
2019-07-06,10970.73,11256.49,11665.0,10964.51
2019-07-07,11256.49,11406.24,11538.0,11094.37
2019-07-08,11406.24,12238.6,12338.03,11220.0
2019-07-09,12238.6,12543.41,12794.73,12068.0
2019-07-10,12543.41,12108.37,13147.08,11569.0
2019-07-11,12108.37,11342.89,12111.73,11000.0
2019-07-12,11342.89,11757.22,11885.0,11073.0
2019-07-13,11757.22,11355.76,11799.98,10830.0
2019-07-14,11355.76,10174.18,11452.0,10103.0
2019-07-15,10174.18,10838.72,11100.0,9860.0
2019-07-16,10838.72,9439.59,11028.0,9350.01
2019-07-17,9439.59,9667.92,9957.0,9060.0
2019-07-18,9667.92,10627.16,10788.0,9252.0
2019-07-19,10627.16,10504.29,10769.71,10121.84
2019-07-20,10504.29,10740.23,11068.99,10350.0
2019-07-21,10740.23,10589.45,10817.9,10288.0
2019-07-22,10589.45,10340.31,10683.16,10100.0
2019-07-23,10340.31,9864.91,10343.97,9822.0
2019-07-24,9864.91,9763.28,9937.0,9525.0
2019-07-25,9763.28,9879.87,10175.0,9720.03
2019-07-26,9879.87,9824.0,9889.98,9637.0
2019-07-27,9824.0,9476.52,10188.66,9333.0
2019-07-28,9476.52,9541.54,9594.99,9165.0
2019-07-29,9541.54,9507.64,9729.0,9395.0
2019-07-30,9507.64,9574.21,9714.28,9402.0
2019-07-31,9574.21,10080.53,10109.8,9555.0
2019-08-01,10080.53,10374.99,10467.86,9863.46
2019-08-02,10374.99,10523.75,10670.0,10281.35
2019-08-03,10523.75,10816.86,10904.77,10497.93
2019-08-04,10816.86,10929.23,11040.0,10552.0
2019-08-05,10929.23,11828.8,11937.52,10927.8
2019-08-06,11828.8,11481.69,12330.7,11226.7
2019-08-07,11481.69,11975.03,12141.17,11382.84
2019-08-08,11975.03,11999.77,12060.0,11521.0
2019-08-09,11999.77,11879.99,12045.68,11700.0
2019-08-10,11879.99,11309.31,11985.0,11270.0
2019-08-11,11309.31,11549.97,11599.98,11112.11
2019-08-12,11549.97,11396.08,11577.89,11235.32
2019-08-13,11396.08,10892.71,11456.16,10788.45
2019-08-14,10892.71,10050.37,10897.48,9928.1
2019-08-15,10050.37,10293.93,10460.0,9911.0
2019-08-16,10293.93,10331.54,10536.03,9750.0
2019-08-17,10331.54,10216.02,10465.14,10000.0
2019-08-18,10216.02,10306.78,10500.0,10080.0
2019-08-19,10306.78,10915.54,10930.0,10258.6
2019-08-20,10915.54,10760.51,10949.96,10560.0
2019-08-21,10760.51,10142.57,10804.13,9858.0
2019-08-22,10142.57,10099.88,10242.0,9762.0
2019-08-23,10099.88,10389.55,10445.0,10019.79
2019-08-24,10389.55,10134.35,10419.42,9890.0
2019-08-25,10134.35,10142.69,10333.0,9906.97
2019-08-26,10142.69,10372.25,10604.0,10137.93
2019-08-27,10372.25,10185.05,10391.08,10051.08
2019-08-28,10185.05,9721.0,10299.0,9601.01
2019-08-29,9721.0,9498.44,9724.0,9320.0
2019-08-30,9498.44,9584.54,9696.0,9350.41
2019-08-31,9584.54,9587.47,9684.51,9420.75
2019-09-01,9587.47,9724.98,9830.0,9520.0
2019-09-02,9724.98,10340.0,10450.0,9712.5
2019-09-03,10340.0,10615.28,10773.0,10272.0
2019-09-04,10615.28,10567.02,10799.0,10369.89
2019-09-05,10567.02,10564.49,10900.0,10450.0
2019-09-06,10564.49,10298.73,10905.87,10150.0
2019-09-07,10298.73,10455.88,10558.0,10288.57
2019-09-08,10455.88,10381.18,10592.5,10208.0
2019-09-09,10381.18,10303.12,10480.0,10068.5
2019-09-10,10303.12,10098.15,10384.99,9953.0
2019-09-11,10098.15,10158.33,10293.0,9880.0
2019-09-12,10158.33,10415.01,10448.81,10040.1
2019-09-13,10415.01,10342.06,10439.0,10153.0
2019-09-14,10342.06,10335.02,10419.99,10222.33
2019-09-15,10335.02,10302.01,10360.0,10252.15
2019-09-16,10302.01,10251.31,10355.0,10078.0
2019-09-17,10251.31,10187.82,10275.0,10128.01
2019-09-18,10187.82,10156.99,10258.02,10100.0
2019-09-19,10156.99,10244.29,10325.0,9653.0
2019-09-20,10244.29,10168.59,10281.0,10061.39
2019-09-21,10168.59,9986.39,10176.7,9900.0
2019-09-22,9986.39,10028.87,10089.0,9853.97
2019-09-23,10028.87,9702.25,10049.99,9615.77
2019-09-24,9702.25,8493.14,9794.99,8290.51
2019-09-25,8493.14,8430.05,8730.0,8215.64
2019-09-26,8430.05,8063.73,8465.99,7750.0
2019-09-27,8063.73,8177.91,8265.0,7852.15
2019-09-28,8177.91,8198.81,8315.0,8001.09
2019-09-29,8198.81,8043.82,8229.13,7890.0
2019-09-30,8043.82,8289.34,8337.26,7710.0
2019-10-01,8289.34,8292.44,8500.0,8173.05
2019-10-02,8292.44,8359.94,8373.91,8151.22
2019-10-03,8359.94,8223.96,8393.0,8060.0
2019-10-04,8223.96,8137.13,8232.41,8005.0
2019-10-05,8137.13,8126.19,8183.41,8012.98
2019-10-06,8126.19,7854.25,8153.87,7785.0
2019-10-07,7854.25,8190.09,8299.92,7762.0
2019-10-08,8190.09,8168.39,8325.0,8088.75
2019-10-09,8168.39,8560.74,8670.0,8115.0
2019-10-10,8560.74,8558.03,8644.0,8414.52
2019-10-11,8558.03,8258.5,8779.51,8212.38
2019-10-12,8258.5,8300.09,8400.0,8250.0
2019-10-13,8300.09,8275.01,8451.37,8160.0
2019-10-14,8275.01,8348.2,8388.85,8203.0
2019-10-15,8348.2,8159.29,8403.0,8090.0
2019-10-16,8159.29,7991.74,8181.16,7917.0
2019-10-17,7991.74,8070.58,8124.92,7929.03
2019-10-18,8070.58,7947.01,8115.0,7816.01
2019-10-19,7947.01,7948.01,8098.1,7866.92
2019-10-20,7948.01,8223.35,8297.0,7870.0
2019-10-21,8223.35,8197.27,8333.0,8142.03
2019-10-22,8197.27,8020.0,8297.99,8000.0
2019-10-23,8020.0,7466.62,8047.59,7300.0
2019-10-24,7466.62,7412.41,7503.68,7337.99
2019-10-25,7412.41,8655.02,8706.07,7361.0
2019-10-26,8655.02,9230.0,10060.21,8470.38
2019-10-27,9230.0,9529.93,9794.98,9074.34
2019-10-28,9529.93,9205.14,9902.1,9160.0
2019-10-29,9205.14,9407.62,9550.0,9072.0
2019-10-30,9407.62,9154.72,9409.84,9001.01
2019-10-31,9154.72,9140.85,9405.0,8913.0
2019-11-01,9140.85,9231.61,9279.0,9030.0
2019-11-02,9231.61,9289.52,9373.74,9186.21
2019-11-03,9289.52,9194.71,9362.57,9066.14
2019-11-04,9194.71,9393.35,9513.68,9115.84
2019-11-05,9393.35,9308.66,9454.95,9175.76
2019-11-06,9308.66,9339.05,9440.91,9250.01
2019-11-07,9339.05,9216.2,9375.0,9101.0
2019-11-08,9216.2,8773.73,9261.0,8696.0
2019-11-09,8773.73,8809.41,8880.0,8724.88
2019-11-10,8809.41,9039.47,9147.19,8750.0
2019-11-11,9039.47,8733.27,9072.32,8618.68
2019-11-12,8733.27,8821.94,8888.0,8567.6
2019-11-13,8821.94,8777.12,8844.99,8702.0
2019-11-14,8777.12,8646.68,8800.0,8582.6
2019-11-15,8646.68,8471.73,8790.0,8400.0
2019-11-16,8471.73,8491.02,8543.0,8400.0
2019-11-17,8491.02,8502.4,8635.0,8350.68
2019-11-18,8502.4,8187.17,8503.52,8060.0
2019-11-19,8187.17,8133.64,8218.63,8003.0
2019-11-20,8133.64,8098.01,8264.29,8038.4
2019-11-21,8098.01,7627.74,8134.73,7500.0
2019-11-22,7627.74,7268.23,7750.0,6790.0
2019-11-23,7268.23,7311.57,7344.48,7080.01
2019-11-24,7311.57,6903.28,7330.39,6861.0
2019-11-25,6903.28,7109.57,7377.69,6515.0
2019-11-26,7109.57,7156.14,7340.0,7017.48
2019-11-27,7156.14,7508.52,7655.0,6840.0
2019-11-28,7508.52,7419.49,7643.0,7360.0
2019-11-29,7419.49,7739.68,7850.0,7362.3
2019-11-30,7739.68,7541.89,7810.0,7441.0
2019-12-01,7541.89,7390.89,7541.89,7210.0
2019-12-02,7390.89,7294.28,7420.56,7151.1
2019-12-03,7294.28,7292.71,7400.0,7241.35
2019-12-04,7292.71,7194.32,7750.0,7067.0
2019-12-05,7194.32,7389.0,7485.0,7150.0
2019-12-06,7389.0,7527.47,7590.03,7305.0
2019-12-07,7527.47,7488.21,7619.62,7470.16
2019-12-08,7488.21,7510.11,7564.0,7374.86
2019-12-09,7510.11,7338.64,7650.0,7273.0
2019-12-10,7338.64,7224.13,7407.6,7157.1
2019-12-11,7224.13,7210.0,7275.5,7125.66
2019-12-12,7210.0,7198.08,7295.0,7080.3
2019-12-13,7198.08,7258.48,7309.05,7190.76
2019-12-14,7258.48,7064.05,7271.77,7012.0
2019-12-15,7064.05,7118.59,7200.3,7008.35
2019-12-16,7118.59,6891.72,7150.0,6836.0
2019-12-17,6891.72,6623.82,6942.21,6560.0
2019-12-18,6623.82,7277.83,7440.0,6435.0
2019-12-19,7277.83,7150.3,7380.0,7038.31
2019-12-20,7150.3,7187.83,7220.0,7079.5
2019-12-21,7187.83,7132.75,7190.58,7105.0
2019-12-22,7132.75,7501.44,7518.54,7122.47
2019-12-23,7501.44,7317.09,7695.38,7265.84
2019-12-24,7317.09,7255.77,7436.68,7157.04
2019-12-25,7255.77,7204.63,7271.77,7128.86
2019-12-26,7204.63,7202.0,7435.0,7157.12
2019-12-27,7202.0,7254.74,7275.86,7076.42
2019-12-28,7254.74,7316.14,7365.01,7238.67
2019-12-29,7316.14,7388.24,7528.45,7288.0
2019-12-30,7388.24,7246.0,7408.24,7220.0
2019-12-31,7246.0,7195.23,7320.0,7145.01
2020-01-01,7195.23,7200.85,7255.0,7175.15
2020-01-02,7200.85,6965.71,7212.5,6924.74
2020-01-03,6965.71,7344.96,7405.0,6871.04
2020-01-04,7344.96,7354.11,7404.0,7272.21
2020-01-05,7354.11,7358.75,7495.0,7318.0
2020-01-06,7358.75,7758.0,7795.34,7346.76
2020-01-07,7758.0,8145.28,8207.68,7723.71
2020-01-08,8145.28,8055.98,8455.0,7870.0
2020-01-09,8055.98,7817.76,8055.98,7750.0
2020-01-10,7817.76,8197.02,8199.0,7672.0
2020-01-11,8197.02,8020.01,8286.34,8003.16
2020-01-12,8020.01,8184.98,8197.0,7960.0
2020-01-13,8184.98,8110.34,8196.0,8055.89
2020-01-14,8110.34,8810.01,8880.0,8105.54
2020-01-15,8810.01,8821.41,8916.48,8564.0
2020-01-16,8821.41,8720.01,8859.81,8586.0
2020-01-17,8720.01,8913.28,9041.65,8672.44
2020-01-18,8913.28,8915.96,8988.88,8806.38
2020-01-19,8915.96,8701.7,9198.98,8466.0
2020-01-20,8701.7,8642.35,8746.99,8521.28
2020-01-21,8642.35,8736.03,8789.0,8488.0
2020-01-22,8736.03,8682.36,8818.0,8590.0
2020-01-23,8682.36,8404.52,8691.81,8306.39
2020-01-24,8404.52,8439.0,8528.02,8238.0
2020-01-25,8439.0,8340.58,8451.26,8254.9
2020-01-26,8340.58,8615.0,8618.13,8293.66
2020-01-27,8615.0,8907.57,9000.0,8535.0
2020-01-28,8907.57,9374.21,9400.0,8862.4
2020-01-29,9374.21,9301.53,9449.24,9216.0
2020-01-30,9301.53,9513.21,9578.0,9204.44
2020-01-31,9513.21,9352.89,9530.22,9210.01
2020-02-01,9352.89,9384.61,9464.53,9281.0
2020-02-02,9384.61,9331.51,9477.03,9120.0
2020-02-03,9331.51,9292.24,9618.79,9234.0
2020-02-04,9292.24,9197.02,9350.0,9093.01
2020-02-05,9197.02,9612.04,9744.45,9177.22
2020-02-06,9612.04,9772.0,9862.57,9526.35
2020-02-07,9772.0,9813.73,9885.0,9730.0
2020-02-08,9813.73,9895.05,9940.0,9667.11
2020-02-09,9895.05,10151.75,10166.0,9880.75
2020-02-10,10151.75,9851.83,10188.0,9756.0
2020-02-11,9851.83,10223.08,10323.59,9700.0
2020-02-12,10223.08,10326.46,10450.0,10223.08
2020-02-13,10326.46,10229.63,10500.0,10080.0
2020-02-14,10229.63,10344.36,10381.56,10111.37
2020-02-15,10344.36,9904.72,10375.0,9801.0
2020-02-16,9904.72,9917.27,10050.0,9638.12
2020-02-17,9917.27,9706.0,9964.16,9452.67
2020-02-18,9706.0,10164.71,10250.0,9576.01
2020-02-19,10164.71,9593.79,10250.0,9350.0
2020-02-20,9593.79,9596.42,9699.0,9400.0
2020-02-21,9596.42,9677.05,9755.51,9550.21
2020-02-22,9677.05,9650.86,9709.17,9560.02
2020-02-23,9650.86,9936.4,9990.0,9645.0
2020-02-24,9936.4,9656.13,9990.0,9473.56
2020-02-25,9656.13,9315.84,9675.0,9250.0
2020-02-26,9315.84,8785.25,9377.44,8633.63
2020-02-27,8785.25,8823.21,8971.77,8531.0
2020-02-28,8823.21,8692.91,8900.0,8445.0
2020-02-29,8692.91,8523.61,8790.0,8523.55
2020-03-01,8523.61,8531.88,8750.0,8411.0
2020-03-02,8531.88,8915.24,8965.75,8498.0
2020-03-03,8915.24,8760.07,8919.65,8651.0
2020-03-04,8760.07,8750.87,8848.29,8660.0
2020-03-05,8750.87,9054.68,9159.42,8746.54
2020-03-06,9054.68,9131.88,9170.0,8985.5
2020-03-07,9131.88,8886.66,9188.0,8835.0
2020-03-08,8886.66,8033.31,8886.76,8000.0
2020-03-09,8033.31,7929.87,8179.31,7632.01
2020-03-10,7929.87,7894.56,8149.0,7728.01
2020-03-11,7894.56,7934.52,7980.0,7590.0
2020-03-12,7934.52,4800.0,7966.17,4410.0
2020-03-13,4800.0,5578.6,5955.0,3782.13
2020-03-14,5578.6,5172.06,5640.52,5055.13
2020-03-15,5172.06,5361.3,5940.0,5093.1
2020-03-16,5361.3,5028.97,5365.42,4442.12
2020-03-17,5028.97,5312.64,5525.0,4921.45
2020-03-18,5312.64,5393.04,5436.17,5009.37
2020-03-19,5393.04,6162.37,6400.0,5252.53
2020-03-20,6162.37,6208.36,6900.0,5670.0
2020-03-21,6208.36,6186.98,6456.98,5860.02
2020-03-22,6186.98,5816.19,6407.87,5734.01
2020-03-23,5816.19,6467.31,6600.0,5688.0
2020-03-24,6467.31,6744.72,6833.0,6371.33
2020-03-25,6744.72,6677.43,6957.96,6450.0
2020-03-26,6677.43,6737.36,6780.0,6510.0
2020-03-27,6737.36,6359.11,6842.59,6261.0
2020-03-28,6359.11,6236.65,6360.0,6024.0
2020-03-29,6236.65,5881.42,6266.0,5866.56
2020-03-30,5881.42,6394.38,6599.0,5857.76
2020-03-31,6394.38,6410.44,6523.23,6321.4
2020-04-01,6410.44,6642.92,6679.94,6150.11
2020-04-02,6642.92,6794.09,7198.0,6551.0
2020-04-03,6794.09,6734.1,7048.0,6602.1
2020-04-04,6734.1,6856.99,6990.41,6650.01
2020-04-05,6856.99,6772.78,6895.54,6677.52
2020-04-06,6772.78,7329.9,7355.14,6765.0
2020-04-07,7329.9,7197.32,7459.69,7077.0
2020-04-08,7197.32,7361.28,7420.0,7150.0
2020-04-09,7361.28,7283.54,7371.92,7108.08
2020-04-10,7283.54,6858.92,7295.75,6739.98
2020-04-11,6858.92,6876.83,6944.3,6760.0
2020-04-12,6876.83,6903.79,7177.0,6780.0
2020-04-13,6903.79,6837.91,6903.79,6575.0
2020-04-14,6837.91,6868.7,6978.0,6754.28
2020-04-15,6868.7,6621.24,6933.0,6605.0
2020-04-16,6621.24,7101.94,7190.0,6468.27
2020-04-17,7101.94,7027.55,7148.12,6972.98
2020-04-18,7027.55,7248.6,7293.08,7014.4
2020-04-19,7248.6,7120.74,7266.15,7055.6
2020-04-20,7120.74,6826.83,7220.0,6751.0
2020-04-21,6826.83,6841.37,6940.0,6762.0
2020-04-22,6841.37,7125.14,7156.38,6818.0
2020-04-23,7125.14,7482.39,7738.0,7020.0
2020-04-24,7482.39,7505.0,7615.96,7388.0
2020-04-25,7505.0,7538.67,7705.0,7431.07
2020-04-26,7538.67,7693.1,7700.0,7480.0
2020-04-27,7693.1,7774.62,7792.02,7606.0
2020-04-28,7774.62,7738.98,7780.0,7659.12
2020-04-29,7738.98,8778.57,8952.89,7710.05
2020-04-30,8778.57,8620.0,9460.0,8401.0
2020-05-01,8620.0,8826.96,9059.18,8613.56
2020-05-02,8826.96,8972.05,9010.0,8753.0
2020-05-03,8972.05,8894.16,9200.0,8712.0
2020-05-04,8894.16,8871.96,8950.0,8522.0
2020-05-05,8871.96,9021.83,9118.58,8760.0
2020-05-06,9021.83,9142.92,9395.0,8906.21
2020-05-07,9142.92,9986.4,10067.0,9021.0
2020-05-08,9986.4,9800.01,10035.96,9705.0
2020-05-09,9800.01,9539.4,9914.25,9520.0
2020-05-10,9539.4,8722.77,9574.83,8117.0
2020-05-11,8722.77,8561.52,9168.0,8200.0
2020-05-12,8561.52,8810.79,8978.26,8528.78
2020-05-13,8810.79,9309.37,9398.0,8792.99
2020-05-14,9309.37,9791.98,9939.0,9256.76
2020-05-15,9791.98,9316.42,9845.62,9150.0
2020-05-16,9316.42,9381.27,9588.0,9220.0
2020-05-17,9381.27,9680.04,9888.0,9322.1
2020-05-18,9680.04,9733.93,9950.0,9464.23
2020-05-19,9733.93,9775.53,9897.21,9474.0
2020-05-20,9775.53,9511.43,9842.0,9326.0
2020-05-21,9511.43,9068.65,9578.47,8815.0
2020-05-22,9068.65,9170.0,9271.0,8933.52
2020-05-23,9170.0,9179.15,9307.85,9070.0
2020-05-24,9179.15,8720.34,9298.0,8700.0
2020-05-25,8720.34,8900.35,8979.66,8642.72
2020-05-26,8900.35,8841.18,9017.67,8700.0
2020-05-27,8841.18,9204.07,9225.0,8811.73
2020-05-28,9204.07,9575.89,9625.47,9110.0
2020-05-29,9575.89,9427.07,9605.26,9330.0
2020-05-30,9427.07,9697.72,9740.0,9331.23
2020-05-31,9697.72,9448.27,9700.0,9381.41
2020-06-01,9448.27,10200.77,10380.0,9421.67
2020-06-02,10200.77,9518.04,10228.99,9266.0
2020-06-03,9518.04,9666.24,9690.0,9365.21
2020-06-04,9666.24,9789.06,9881.63,9450.0
2020-06-05,9789.06,9621.16,9854.75,9581.0
2020-06-06,9621.16,9666.3,9735.0,9531.05
2020-06-07,9666.3,9746.99,9802.0,9372.46
2020-06-08,9746.99,9782.01,9800.0,9633.0
2020-06-09,9782.01,9772.43,9877.0,9570.0
2020-06-10,9772.43,9885.0,9992.72,9704.18
2020-06-11,9885.0,9280.4,9964.0,9113.0
2020-06-12,9280.4,9465.13,9557.12,9232.51
2020-06-13,9465.13,9473.34,9494.73,9351.0
2020-06-14,9473.34,9342.1,9480.99,9245.0
2020-06-15,9342.1,9426.02,9495.0,8910.45
2020-06-16,9426.02,9525.59,9589.0,9373.09
2020-06-17,9525.59,9465.14,9565.0,9236.61
2020-06-18,9465.14,9386.32,9489.0,9280.0
2020-06-19,9386.32,9310.23,9438.3,9215.79
2020-06-20,9310.23,9358.95,9395.0,9170.95
2020-06-21,9358.95,9294.69,9422.0,9281.54
2020-06-22,9294.69,9685.69,9780.0,9277.09
2020-06-23,9685.69,9624.89,9720.0,9577.03
2020-06-24,9624.89,9296.49,9670.0,9208.0
2020-06-25,9296.49,9249.49,9340.0,9009.69
2020-06-26,9249.49,9162.21,9298.0,9045.45
2020-06-27,9162.21,9012.0,9196.24,8833.0
2020-06-28,9012.0,9116.35,9191.0,8948.06
2020-06-29,9116.35,9192.56,9238.0,9024.67
2020-06-30,9192.56,9138.55,9205.0,9064.89
2020-07-01,9138.55,9232.0,9292.0,9080.1
2020-07-02,9232.0,9086.54,9261.96,8940.0
2020-07-03,9086.54,9058.26,9125.0,9037.47
2020-07-04,9058.26,9135.46,9190.0,9040.04
2020-07-05,9135.46,9069.41,9145.24,8893.03
2020-07-06,9069.41,9344.2,9375.0,9055.92
2020-07-07,9344.2,9257.39,9379.42,9203.0
2020-07-08,9257.39,9436.06,9470.0,9231.0
2020-07-09,9436.06,9232.43,9440.79,9160.0
2020-07-10,9232.43,9288.34,9317.48,9125.0
2020-07-11,9288.34,9234.03,9299.28,9178.25
2020-07-12,9234.03,9302.75,9345.0,9157.5
2020-07-13,9302.75,9242.62,9343.82,9200.89
2020-07-14,9242.62,9255.85,9279.54,9113.0
2020-07-15,9255.85,9197.6,9276.49,9160.57
2020-07-16,9197.6,9133.72,9226.15,9047.25
2020-07-17,9133.72,9154.32,9186.83,9089.81
2020-07-18,9154.32,9170.28,9219.3,9121.1
2020-07-19,9170.28,9208.99,9232.27,9101.35
2020-07-20,9208.99,9160.78,9221.52,9131.0
2020-07-21,9160.78,9390.0,9437.73,9152.8
2020-07-22,9390.0,9518.16,9544.0,9261.0
2020-07-23,9518.16,9603.27,9664.0,9440.33
2020-07-24,9603.27,9537.8,9637.0,9463.44
2020-07-25,9537.8,9700.42,9732.9,9513.0
2020-07-26,9700.42,9931.54,10111.0,9650.0
2020-07-27,9931.54,11029.96,11394.86,9917.21
2020-07-28,11029.96,10906.27,11242.23,10565.0
2020-07-29,10906.27,11100.53,11342.82,10812.0
2020-07-30,11100.53,11099.61,11170.0,10831.0
2020-07-31,11099.61,11335.46,11444.0,10960.0
2020-08-01,11335.46,11801.17,11861.0,11220.0
2020-08-02,11801.17,11071.35,12123.46,10518.5
2020-08-03,11071.36,11219.81,11473.0,10936.0
2020-08-04,11219.68,11191.97,11414.98,11000.0
2020-08-05,11191.99,11744.91,11780.93,11093.0
2020-08-06,11744.91,11762.46,11900.0,11562.5
2020-08-07,11762.47,11594.23,11909.94,11322.0
2020-08-08,11594.36,11761.41,11808.27,11512.0
2020-08-09,11761.02,11681.68,11797.11,11521.97
2020-08-10,11681.69,11892.92,12067.35,11450.0
2020-08-11,11892.9,11392.08,11935.0,11125.0
2020-08-12,11392.09,11564.33,11617.52,11150.0
2020-08-13,11564.34,11780.0,11792.96,11270.36
2020-08-14,11779.77,11760.54,11850.0,11634.03
2020-08-15,11760.55,11852.4,11980.0,11680.0
2020-08-16,11852.4,11911.0,11931.72,11686.0
2020-08-17,11910.99,12281.13,12468.0,11769.78
2020-08-18,12281.15,11945.01,12387.77,11817.93
2020-08-19,11945.1,11754.59,12020.08,11561.0
2020-08-20,11754.38,11853.55,11888.0,11668.0
2020-08-21,11853.54,11531.34,11878.0,11485.81
2020-08-22,11531.23,11662.96,11686.0,11376.81
2020-08-23,11663.51,11648.13,11718.07,11514.13
2020-08-24,11648.12,11748.2,11824.9,11585.09
2020-08-25,11748.19,11318.42,11767.85,11117.64
2020-08-26,11318.42,11461.43,11539.32,11244.0
2020-08-27,11461.42,11330.38,11592.2,11125.0
2020-08-28,11330.38,11526.91,11542.65,11276.89
2020-08-29,11526.9,11465.84,11580.02,11417.04
2020-08-30,11465.84,11711.16,11719.0,11458.0
2020-08-31,11711.17,11649.51,11800.77,11570.0
2020-09-01,11649.51,11921.97,12050.85,11515.0
2020-09-02,11921.97,11388.54,11954.57,11160.1
2020-09-03,11388.54,10140.85,11462.6,9960.8
2020-09-04,10138.29,10446.25,10627.05,9875.5
2020-09-05,10446.25,10166.69,10565.68,9825.0
2020-09-06,10166.69,10256.2,10347.14,9994.86
2020-09-07,10255.89,10373.44,10410.75,9875.0
2020-09-08,10373.45,10126.65,10438.0,9850.0
2020-09-09,10126.66,10219.2,10343.0,9981.01
2020-09-10,10219.29,10336.87,10483.35,10070.83
2020-09-11,10336.86,10387.89,10397.6,10200.0
2020-09-12,10387.89,10440.92,10477.97,10269.25
2020-09-13,10440.67,10332.83,10580.11,10200.0
2020-09-14,10332.84,10671.77,10750.0,10212.34
2020-09-15,10671.77,10785.31,10930.04,10606.48
2020-09-16,10785.23,10954.01,11093.0,10661.22
2020-09-17,10954.01,10939.99,11045.46,10745.83
2020-09-18,10940.0,10933.39,11038.03,10812.84
2020-09-19,10933.4,11080.65,11179.79,10887.37
2020-09-20,11080.64,10920.28,11080.64,10723.0
2020-09-21,10920.28,10417.22,10988.86,10296.35
2020-09-22,10417.22,10529.61,10572.71,10353.0
2020-09-23,10529.61,10241.46,10537.15,10136.82
2020-09-24,10241.46,10736.32,10795.24,10190.93
2020-09-25,10736.33,10686.67,10760.53,10556.24
2020-09-26,10686.57,10728.6,10820.94,10644.68
2020-09-27,10728.59,10774.25,10799.0,10594.82
2020-09-28,10774.26,10696.12,10950.0,10626.0
2020-09-29,10696.11,10840.48,10867.54,10635.87
2020-09-30,10840.58,10776.59,10849.34,10665.13
2020-10-01,10776.59,10619.13,10920.0,10437.0
2020-10-02,10619.13,10570.4,10664.64,10374.0
2020-10-03,10570.4,10542.06,10603.56,10496.46
2020-10-04,10542.07,10666.63,10696.87,10517.87
2020-10-05,10666.62,10792.21,10798.0,10615.64
2020-10-06,10792.2,10599.66,10800.0,10525.0
2020-10-07,10599.65,10666.39,10681.87,10546.17
2020-10-08,10666.4,10925.57,10950.0,10530.41
2020-10-09,10925.44,11050.64,11104.64,10829.0
2020-10-10,11050.64,11293.22,11491.0,11050.51
2020-10-11,11293.22,11369.02,11445.0,11221.0
2020-10-12,11369.02,11528.25,11720.01,11172.0
2020-10-13,11528.24,11420.56,11557.0,11300.0
2020-10-14,11420.57,11417.89,11547.98,11280.0
2020-10-15,11417.89,11505.12,11617.34,11250.83
2020-10-16,11505.13,11319.32,11541.15,11200.0
2020-10-17,11319.24,11360.2,11402.42,11255.0
2020-10-18,11360.31,11503.14,11505.0,11346.22
2020-10-19,11503.14,11751.47,11823.99,11407.96
2020-10-20,11751.46,11909.99,12038.38,11677.59
2020-10-21,11910.0,12780.96,13217.68,11886.95
2020-10-22,12780.75,12968.52,13185.0,12678.08
2020-10-23,12968.84,12923.07,13027.69,12720.08
2020-10-24,12923.06,13111.73,13166.73,12870.0
2020-10-25,13111.73,13028.83,13350.0,12888.0
2020-10-26,13029.64,13052.19,13238.81,12765.0
2020-10-27,13052.15,13636.17,13789.29,13019.87
2020-10-28,13636.16,13266.4,13859.48,12888.0
2020-10-29,13266.4,13455.7,13642.91,12920.77
2020-10-30,13455.69,13560.1,13669.98,13115.0
2020-10-31,13560.1,13791.0,14100.0,13411.5
2020-11-01,13791.0,13761.5,13895.0,13603.0
2020-11-02,13761.49,13549.37,13830.0,13195.05
2020-11-03,13549.63,14023.53,14066.11,13284.99
2020-11-04,14023.53,14144.01,14259.0,13525.0
2020-11-05,14144.01,15590.02,15750.0,14093.56
2020-11-06,15590.02,15579.92,15960.0,15166.0
2020-11-07,15579.93,14818.3,15753.52,14344.22
2020-11-08,14818.3,15475.1,15650.0,14703.88
2020-11-09,15475.1,15328.41,15840.0,14805.54
2020-11-10,15328.41,15297.21,15460.0,15072.46
2020-11-11,15297.21,15684.24,15965.0,15272.68
2020-11-12,15684.25,16291.86,16340.7,15440.64
2020-11-13,16291.85,16320.7,16480.0,15952.35
2020-11-14,16320.04,16070.45,16326.99,15670.0
2020-11-15,16069.56,15957.0,16180.0,15774.72
2020-11-16,15957.0,16713.57,16880.0,15864.0
2020-11-17,16713.08,17659.38,17858.82,16538.0
2020-11-18,17659.38,17776.12,18476.93,17214.45
2020-11-19,17777.75,17802.82,18179.8,17335.65
2020-11-20,17802.81,18655.67,18815.22,17740.04
2020-11-21,18655.66,18703.8,18965.9,18308.58
2020-11-22,18703.8,18414.43,18750.0,17610.86
2020-11-23,18413.88,18368.0,18766.0,18000.0
2020-11-24,18368.01,19160.01,19418.97,18018.0
2020-11-25,19160.0,18719.11,19484.21,18500.27
2020-11-26,18718.83,17149.47,18915.03,16188.0
2020-11-27,17149.47,17139.52,17457.62,16438.08
2020-11-28,17139.53,17719.85,17880.49,16865.56
2020-11-29,17719.84,18184.99,18360.05,17517.0
2020-11-30,18185.0,19695.87,19863.16,18184.99
2020-12-01,19695.87,18764.96,19888.0,18001.12
2020-12-02,18764.96,19204.09,19342.0,18330.0
2020-12-03,19204.08,19421.9,19598.0,18867.2
2020-12-04,19422.34,18650.52,19527.0,18565.31
2020-12-05,18650.51,19147.66,19177.0,18500.0
2020-12-06,19147.66,19359.4,19420.0,18857.0
2020-12-07,19358.67,19166.9,19420.91,18902.88
2020-12-08,19166.9,18324.11,19294.84,18200.0
2020-12-09,18324.11,18541.28,18639.57,17650.0
2020-12-10,18541.29,18254.63,18557.32,17911.12
2020-12-11,18254.81,18036.53,18292.73,17572.33
2020-12-12,18036.53,18808.69,18948.66,18020.7
2020-12-13,18808.69,19174.99,19411.0,18711.12
2020-12-14,19174.99,19273.14,19349.0,19000.0
2020-12-15,19273.69,19426.43,19570.0,19050.0
2020-12-16,19426.43,21335.52,21560.0,19278.6
2020-12-17,21335.52,22797.16,23800.0,21230.0
2020-12-18,22797.15,23107.39,23285.18,22350.0
2020-12-19,23107.39,23821.61,24171.47,22750.0
2020-12-20,23821.6,23455.52,24295.0,23060.0
2020-12-21,23455.54,22719.71,24102.77,21815.0
2020-12-22,22719.88,23810.79,23837.1,22353.4
2020-12-23,23810.79,23232.76,24100.0,22600.0
2020-12-24,23232.39,23729.2,23794.43,22703.42
2020-12-25,23728.99,24712.47,24789.86,23433.6
2020-12-26,24712.47,26493.39,26867.03,24500.0
2020-12-27,26493.4,26281.66,28422.0,25700.0
2020-12-28,26281.54,27079.41,27500.0,26101.0
2020-12-29,27079.42,27385.0,27410.0,25880.0
2020-12-30,27385.0,28875.54,28996.0,27320.0
2020-12-31,28875.55,28923.63,29300.0,27850.0
2021-01-01,28923.63,29331.69,29600.0,28624.57
2021-01-02,29331.7,32178.33,33300.0,28946.53
2021-01-03,32176.45,33000.05,34778.11,31962.99
2021-01-04,33000.05,31988.71,33600.0,28130.0
2021-01-05,31989.75,33949.53,34360.0,29900.0
2021-01-06,33949.53,36769.36,36939.21,33288.0
2021-01-07,36769.36,39432.28,40365.0,36300.0
2021-01-08,39432.48,40582.81,41950.0,36500.0
2021-01-09,40586.96,40088.22,41380.0,38720.0
2021-01-10,40088.22,38150.02,41350.0,35111.11
2021-01-11,38150.02,35404.47,38264.74,30420.0
2021-01-12,35410.37,34051.24,36628.0,32531.0
2021-01-13,34049.15,37371.38,37850.0,32380.0
2021-01-14,37371.38,39144.5,40100.0,36701.23
2021-01-15,39145.21,36742.22,39747.76,34408.0
2021-01-16,36737.43,35994.98,37950.0,35357.8
2021-01-17,35994.98,35828.61,36852.5,33850.0
2021-01-18,35824.99,36631.27,37469.83,34800.0
2021-01-19,36622.46,35891.49,37850.0,35844.06
2021-01-20,35901.94,35468.23,36415.31,33400.0
2021-01-21,35468.23,30850.13,35600.0,30071.0
2021-01-22,30851.99,32945.17,33826.53,28850.0
2021-01-23,32950.0,32078.0,33456.0,31390.16
2021-01-24,32078.0,32259.9,33071.0,30900.0
2021-01-25,32259.45,32254.2,34875.0,31910.0
2021-01-26,32254.19,32467.77,32921.88,30837.37
2021-01-27,32464.01,30366.15,32557.29,29241.72
2021-01-28,30362.19,33364.86,33783.98,29842.1
2021-01-29,33368.18,34252.2,38531.9,31915.4
2021-01-30,34246.28,34262.88,34933.0,32825.0
2021-01-31,34262.89,33092.98,34342.69,32171.67
2021-02-01,33092.97,33526.37,34717.27,32296.16
2021-02-02,33517.09,35466.24,35984.33,33418.0
2021-02-03,35472.71,37618.87,37662.63,35362.38
2021-02-04,37620.26,36936.66,38708.27,36161.95
2021-02-05,36936.65,38290.24,38310.12,36570.0
2021-02-06,38289.32,39186.94,40955.51,38215.94
2021-02-07,39181.01,38795.69,39700.0,37351.0
2021-02-08,38795.69,46374.87,46794.45,37988.89
2021-02-09,46374.86,46420.42,48142.19,44961.09
2021-02-10,46420.42,44807.58,47310.0,43727.0
2021-02-11,44807.58,47969.51,48678.9,43994.02
2021-02-12,47968.66,47287.6,48985.8,46125.0
2021-02-13,47298.15,47153.69,48150.0,46202.53
2021-02-14,47156.78,48577.79,49707.43,47014.17
2021-02-15,48580.47,47911.1,49010.92,45570.79
2021-02-16,47911.1,49133.45,50689.18,47003.62
2021-02-17,49133.45,52119.71,52618.74,48947.0
2021-02-18,52117.67,51552.6,52530.0,50901.9
2021-02-19,51552.61,55906.0,56368.0,50710.2
2021-02-20,55906.0,55841.19,57700.46,53863.93
2021-02-21,55841.19,57408.57,58352.8,55477.59
2021-02-22,57412.35,54087.67,57508.47,47622.0
2021-02-23,54087.67,48891.0,54183.59,44892.56
2021-02-24,48891.0,49676.2,51374.99,46988.69
2021-02-25,49676.21,47073.73,52041.73,46674.34
2021-02-26,47073.73,46276.87,48424.11,44106.78
2021-02-27,46276.88,46106.43,48394.0,45000.0
2021-02-28,46103.67,45135.66,46638.46,43000.0
2021-03-01,45134.11,49587.03,49790.0,44950.53
2021-03-02,49595.76,48440.65,50200.0,47047.6
2021-03-03,48436.61,50349.37,52640.0,48100.71
2021-03-04,50349.37,48374.09,51773.88,47500.0
2021-03-05,48374.09,48751.71,49448.93,46300.0
2021-03-06,48746.81,48882.2,49200.0,47070.0
2021-03-07,48882.2,50971.75,51450.03,48882.2
2021-03-08,50959.11,52375.17,52402.78,49274.67
2021-03-09,52375.18,54884.5,54895.0,51789.41
2021-03-10,54874.67,55851.59,57387.69,53005.0
2021-03-11,55851.59,57773.16,58150.0,54272.82
2021-03-12,57773.15,57221.72,58081.51,54962.84
2021-03-13,57221.72,61188.39,61844.0,56078.23
2021-03-14,61188.38,58968.31,61724.79,58966.78
2021-03-15,58976.08,55605.2,60633.43,54600.0
2021-03-16,55605.2,56900.75,56938.29,53271.34
2021-03-17,56900.74,58912.97,58974.73,54123.69
2021-03-18,58912.97,57648.16,60129.97,57023.0
2021-03-19,57641.0,58030.01,59468.0,56270.74
2021-03-20,58030.01,58102.28,59880.0,57820.17
2021-03-21,58100.02,57351.56,58589.1,55450.11
2021-03-22,57351.56,54083.25,58430.73,53650.0
2021-03-23,54083.25,54340.89,55830.9,53000.0
2021-03-24,54342.8,52303.65,57200.0,51700.0
2021-03-25,52303.66,51293.78,53287.0,50427.56
2021-03-26,51293.78,55025.59,55073.46,51214.6
2021-03-27,55025.59,55817.14,56700.36,53950.0
2021-03-28,55817.14,55777.63,56559.75,54691.84
2021-03-29,55777.65,57635.47,58405.82,54800.01
2021-03-30,57635.46,58746.57,59368.0,57071.35
2021-03-31,58746.57,58740.55,59800.0,56769.0
2021-04-01,58739.46,58720.44,59490.0,57935.45
2021-04-02,58720.45,58950.01,60200.0,58428.57
2021-04-03,58950.01,57051.94,59791.72,56880.0
2021-04-04,57051.95,58202.01,58492.85,56388.0
2021-04-05,58202.01,59129.99,59272.0,56777.77
2021-04-06,59129.99,57991.15,59495.24,57413.02
2021-04-07,57990.03,55953.45,58655.0,55473.0
2021-04-08,55953.44,58077.52,58153.31,55700.0
2021-04-09,58077.52,58142.54,58894.9,57654.0
2021-04-10,58142.55,59769.13,61500.0,57900.01
2021-04-11,59769.13,60002.43,60699.0,59232.52
2021-04-12,59998.8,59860.0,61300.0,59350.59
2021-04-13,59860.01,63575.0,63777.77,59805.15
2021-04-14,63575.01,62959.53,64854.0,61301.0
2021-04-15,62959.53,63159.98,63800.0,62020.0
2021-04-16,63158.74,61334.8,63520.61,60000.0
2021-04-17,61334.81,60006.66,62506.05,59580.91
2021-04-18,60006.67,56150.01,60499.0,50931.3
2021-04-19,56150.01,55633.14,57526.81,54221.58
2021-04-20,55633.14,56425.0,57076.24,53329.96
2021-04-21,56425.0,53787.63,56757.91,53536.02
2021-04-22,53787.62,51690.96,55521.48,50500.0
2021-04-23,51690.95,51125.14,52131.85,47500.0
2021-04-24,51110.56,50047.84,51166.22,48657.14
2021-04-25,50047.84,49066.77,50567.91,46930.0
2021-04-26,49066.76,54001.39,54356.62,48753.44
2021-04-27,54001.38,55011.97,55460.0,53222.0
2021-04-28,55011.97,54846.22,56428.0,53813.16
2021-04-29,54846.23,53555.0,55195.84,52330.94
2021-04-30,53555.0,57694.27,57963.0,53013.01
2021-05-01,57697.25,57800.37,58458.07,56956.14
2021-05-02,57797.35,56578.21,57911.02,56035.25
2021-05-03,56578.21,57169.39,58981.44,56435.0
2021-05-04,57169.39,53200.01,57200.0,53046.69
2021-05-05,53205.05,57436.11,58069.82,52900.0
2021-05-06,57436.11,56393.68,58360.0,55200.0
2021-05-07,56393.68,57314.75,58650.0,55241.63
2021-05-08,57315.49,58862.05,59500.0,56900.0
2021-05-09,58866.53,58240.84,59300.0,56235.66
2021-05-10,58240.83,55816.14,59500.0,53400.0
2021-05-11,55816.14,56670.02,56862.43,54370.0
2021-05-12,56670.02,49631.32,58000.01,48600.0
2021-05-13,49537.15,49670.97,51367.19,46000.0
2021-05-14,49671.92,49841.45,51483.0,48799.75
2021-05-15,49844.16,46762.99,50700.0,46555.0
2021-05-16,46762.99,46431.5,49795.89,43825.39
2021-05-17,46426.83,43538.04,46686.0,42001.0
2021-05-18,43538.02,42849.78,45799.29,42250.02
2021-05-19,42849.78,36690.09,43584.9,30000.0
2021-05-20,36671.23,40526.64,42451.67,34850.0
2021-05-21,40525.39,37252.01,42200.0,33488.0
2021-05-22,37263.35,37449.73,38829.0,35200.62
2021-05-23,37458.51,34655.25,38270.64,31111.01
2021-05-24,34681.44,38796.29,39920.0,34031.0
2021-05-25,38810.99,38324.72,39791.77,36419.62
2021-05-26,38324.72,39241.91,40841.0,37800.44
2021-05-27,39241.92,38529.98,40411.14,37134.27
2021-05-28,38529.99,35663.49,38877.83,34684.0
2021-05-29,35661.79,34605.15,37338.58,33632.76
2021-05-30,34605.15,35641.27,36488.0,33379.0
2021-05-31,35641.26,37253.81,37499.0,34153.84
2021-06-01,37253.82,36693.09,37894.81,35666.0
2021-06-02,36694.85,37568.68,38225.0,35920.0
2021-06-03,37568.68,39246.79,39476.0,37170.0
2021-06-04,39246.78,36829.0,39289.07,35555.15
2021-06-05,36829.15,35513.2,37925.0,34800.0
2021-06-06,35516.07,35796.31,36480.0,35222.0
2021-06-07,35796.31,33552.79,36900.0,33300.0
2021-06-08,33556.96,33380.81,34068.01,31000.0
2021-06-09,33380.8,37388.05,37534.79,32396.82
2021-06-10,37388.05,36675.72,38491.0,35782.0
2021-06-11,36677.83,37331.98,37680.4,35936.77
2021-06-12,37331.98,35546.11,37463.63,34600.36
2021-06-13,35546.12,39020.57,39380.0,34757.0
2021-06-14,39020.56,40516.29,41064.05,38730.0
2021-06-15,40516.28,40144.04,41330.0,39506.4
2021-06-16,40143.8,38349.01,40527.14,38116.01
2021-06-17,38349.0,38092.97,39559.88,37365.0
2021-06-18,38092.97,35819.84,38202.84,35129.29
2021-06-19,35820.48,35483.72,36457.0,34803.52
2021-06-20,35483.72,35600.16,36137.72,33336.0
2021-06-21,35600.17,31608.93,35750.0,31251.23
2021-06-22,31614.12,32509.56,33298.78,28805.0
2021-06-23,32509.56,33678.07,34881.0,31683.0
2021-06-24,33675.07,34663.09,35298.0,32286.57
2021-06-25,34663.08,31584.45,35500.0,31275.0
2021-06-26,31576.09,32283.65,32730.0,30151.0
2021-06-27,32283.65,34700.34,34749.0,31973.45
2021-06-28,34702.49,34494.89,35297.71,33862.72
2021-06-29,34494.89,35911.73,36600.0,34225.43
2021-06-30,35911.72,35045.0,36100.0,34017.55
2021-07-01,35045.0,33504.69,35057.57,32711.0
2021-07-02,33502.33,33786.55,33977.04,32699.0
2021-07-03,33786.54,34669.13,34945.61,33316.73
2021-07-04,34669.12,35286.51,35967.85,34357.15
2021-07-05,35288.13,33690.14,35293.78,33125.55
2021-07-06,33690.15,34220.01,35118.88,33532.0
2021-07-07,34220.02,33862.12,35059.09,33777.77
2021-07-08,33862.11,32875.71,33929.64,32077.0
2021-07-09,32875.71,33815.81,34100.0,32261.07
2021-07-10,33815.81,33502.87,34262.0,33004.78
2021-07-11,33502.87,34258.99,34666.0,33306.47
2021-07-12,34259.0,33086.63,34678.43,32658.34
2021-07-13,33086.94,32729.77,33340.0,32202.25
2021-07-14,32729.12,32820.02,33114.03,31550.0
2021-07-15,32820.03,31880.0,33185.25,31133.0
2021-07-16,31874.49,31383.87,32249.18,31020.0
2021-07-17,31383.86,31520.07,31955.92,31164.31
2021-07-18,31520.07,31778.56,32435.0,31108.97
2021-07-19,31778.57,30839.65,31899.0,30407.44
2021-07-20,30839.65,29790.35,31063.07,29278.0
2021-07-21,29790.34,32144.51,32858.0,29482.61
2021-07-22,32144.51,32287.83,32591.35,31708.0
2021-07-23,32287.58,33634.09,33650.0,31924.32
2021-07-24,33634.1,34258.14,34500.0,33401.14
2021-07-25,34261.51,35381.02,35398.0,33851.12
2021-07-26,35381.02,37237.6,40550.0,35205.78
2021-07-27,37241.33,39457.87,39542.61,36383.0
2021-07-28,39456.61,40019.56,40900.0,38772.0
2021-07-29,40019.57,40016.48,40640.0,39200.0
2021-07-30,40018.49,42206.37,42316.71,38313.23
2021-07-31,42206.36,41461.83,42448.0,41000.15
2021-08-01,41461.84,39845.44,42599.0,39422.01
2021-08-02,39850.27,39147.82,40480.01,38690.0
2021-08-03,39146.86,38207.05,39780.0,37642.03
2021-08-04,38207.04,39723.18,39969.66,37508.56
2021-08-05,39723.17,40862.46,41350.0,37332.7
2021-08-06,40862.46,42836.87,43392.43,39853.86
2021-08-07,42836.87,44572.54,44700.0,42446.41
2021-08-08,44572.54,43794.37,45310.0,43261.0
2021-08-09,43794.36,46253.4,46454.15,42779.0
2021-08-10,46248.87,45584.99,46700.0,44589.46
2021-08-11,45585.0,45511.0,46743.47,45341.14
2021-08-12,45510.67,44399.0,46218.12,43770.0
2021-08-13,44400.06,47800.0,47886.0,44217.39
2021-08-14,47799.99,47068.51,48144.0,45971.03
2021-08-15,47068.5,46973.82,47372.27,45500.0
2021-08-16,46973.82,45901.29,48053.83,45660.0
2021-08-17,45901.3,44695.95,47160.0,44376.0
2021-08-18,44695.95,44705.29,46000.0,44203.28
2021-08-19,44699.37,46760.62,47033.0,43927.7
2021-08-20,46760.62,49322.47,49382.99,46622.99
2021-08-21,49322.47,48821.87,49757.04,48222.0
2021-08-22,48821.88,49239.22,49500.0,48050.0
2021-08-23,49239.22,49488.85,50500.0,49029.0
2021-08-24,49488.85,47674.01,49860.0,47600.0
2021-08-25,47674.01,48973.32,49264.3,47126.28
2021-08-26,48973.32,46843.87,49352.84,46250.0
2021-08-27,46843.86,49069.9,49149.93,46348.0
2021-08-28,49069.9,48895.35,49299.0,48346.88
2021-08-29,48895.35,48767.83,49632.27,47762.54
2021-08-30,48767.84,46982.91,48888.61,46853.0
2021-08-31,46982.91,47100.89,48246.11,46700.0
2021-09-01,47100.89,48810.52,49156.0,46512.0
2021-09-02,48810.51,49246.64,50450.13,48584.06
2021-09-03,49246.63,49999.14,51000.0,48316.84
2021-09-04,49998.0,49915.64,50535.69,49370.0
2021-09-05,49917.54,51756.88,51900.0,49450.0
2021-09-06,51756.88,52663.9,52780.0,50969.33
2021-09-07,52666.2,46863.73,52920.0,42843.05
2021-09-08,46868.57,46048.31,47340.99,44412.02
2021-09-09,46048.31,46395.14,47399.97,45513.08
2021-09-10,46395.14,44850.91,47033.0,44132.29
2021-09-11,44842.2,45173.69,45987.93,44722.22
2021-09-12,45173.68,46025.24,46460.0,44742.06
2021-09-13,46025.23,44940.73,46880.0,43370.0
2021-09-14,44940.72,47111.52,47250.0,44594.44
2021-09-15,47103.28,48121.41,48500.0,46682.32
2021-09-16,48121.4,47737.82,48557.0,47021.1
2021-09-17,47737.81,47299.98,48150.0,46699.56
2021-09-18,47299.98,48292.74,48843.2,47035.56
2021-09-19,48292.75,47241.75,48372.83,46829.18
2021-09-20,47241.75,43015.62,47347.25,42500.0
2021-09-21,43016.64,40734.38,43639.0,39600.0
2021-09-22,40734.09,43543.61,44000.55,40565.39
2021-09-23,43546.37,44865.26,44978.0,43069.09
2021-09-24,44865.26,42810.57,45200.0,40675.0
2021-09-25,42810.58,42670.64,42966.84,41646.28
2021-09-26,42670.63,43160.9,43950.0,40750.0
2021-09-27,43160.9,42147.35,44350.0,42098.0
2021-09-28,42147.35,41026.54,42787.38,40888.0
2021-09-29,41025.01,41524.28,42590.0,40753.88
2021-09-30,41524.29,43824.1,44141.37,41410.17
2021-10-01,43820.01,48141.61,48495.0,43283.03
2021-10-02,48141.6,47634.9,48336.59,47430.18
2021-10-03,47634.89,48200.01,49228.08,47088.0
2021-10-04,48200.01,49224.94,49536.12,46891.0
2021-10-05,49224.93,51471.99,51886.3,49022.4
2021-10-06,51471.99,55315.0,55750.0,50382.41
2021-10-07,55315.0,53785.22,55332.31,53357.0
2021-10-08,53785.22,53951.43,56100.0,53617.61
2021-10-09,53955.67,54949.72,55489.0,53661.67
2021-10-10,54949.72,54659.0,56561.31,54080.0
2021-10-11,54659.01,57471.35,57839.04,54415.06
2021-10-12,57471.35,55996.93,57680.0,53879.0
2021-10-13,55996.91,57367.0,57777.0,54167.19
2021-10-14,57370.83,57347.94,58532.54,56818.05
2021-10-15,57347.94,61672.42,62933.0,56850.0
2021-10-16,61672.42,60875.57,62378.42,60150.0
2021-10-17,60875.57,61528.33,61718.39,58963.0
2021-10-18,61528.32,62009.84,62695.78,59844.45
2021-10-19,62005.6,64280.59,64486.0,61322.22
2021-10-20,64280.59,66001.41,67000.0,63481.4
2021-10-21,66001.4,62193.15,66639.74,62000.0
2021-10-22,62193.15,60688.22,63732.39,60000.0
2021-10-23,60688.23,61286.75,61747.64,59562.15
2021-10-24,61286.75,60852.22,61500.0,59510.63
2021-10-25,60852.22,63078.78,63710.63,60650.0
2021-10-26,63078.78,60328.81,63293.48,59817.55
2021-10-27,60328.81,58413.44,61496.0,58000.0
2021-10-28,58413.44,60575.89,62499.0,57820.0
2021-10-29,60575.9,62253.71,62980.0,60174.81
2021-10-30,62253.7,61859.19,62359.25,60673.0
2021-10-31,61859.19,61299.8,62405.3,59945.36
2021-11-01,61299.81,60911.11,62437.74,59405.0
2021-11-02,60911.12,63219.99,64270.0,60624.68
2021-11-03,63220.57,62896.48,63500.0,60382.76
2021-11-04,62896.49,61395.01,63086.31,60677.01
2021-11-05,61395.01,60937.12,62595.72,60721.0
2021-11-06,60940.18,61470.61,61560.49,60050.0
2021-11-07,61470.62,63273.59,63286.35,61322.78
2021-11-08,63273.58,67525.83,67789.0,63273.58
2021-11-09,67525.82,66947.66,68524.25,66222.4
2021-11-10,66947.67,64882.43,69000.0,62822.9
2021-11-11,64882.42,64774.26,65600.07,64100.0
2021-11-12,64774.25,64122.23,65450.7,62278.0
2021-11-13,64122.22,64380.0,65000.0,63360.22
2021-11-14,64380.01,65519.1,65550.51,63576.27
2021-11-15,65519.11,63606.74,66401.82,63400.0
2021-11-16,63606.73,60058.87,63617.31,58574.07
2021-11-17,60058.87,60344.87,60840.23,58373.0
2021-11-18,60344.86,56891.62,60976.0,56474.26
2021-11-19,56891.62,58052.24,58320.0,55600.0
2021-11-20,58057.1,59707.51,59845.0,57353.0
2021-11-21,59707.52,58622.02,60029.76,58486.65
2021-11-22,58617.7,56247.18,59444.0,55610.0
2021-11-23,56243.83,57541.27,58009.99,55317.0
2021-11-24,57541.26,57138.29,57735.0,55837.0
2021-11-25,57138.29,58960.36,59398.9,57000.0
2021-11-26,58960.37,53726.53,59150.0,53500.0
2021-11-27,53723.72,54721.03,55280.0,53610.0
2021-11-28,54716.47,57274.88,57445.05,53256.64
2021-11-29,57274.89,57776.25,58865.97,56666.67
2021-11-30,57776.25,56950.56,59176.99,55875.55
2021-12-01,56950.56,57184.07,59053.55,56458.01
2021-12-02,57184.07,56480.34,57375.47,55777.77
2021-12-03,56484.26,53601.05,57600.0,51680.0
2021-12-04,53601.05,49152.47,53859.1,42000.3
2021-12-05,49152.46,49396.33,49699.05,47727.21
2021-12-06,49396.32,50441.92,50891.11,47100.0
2021-12-07,50441.91,50588.95,51936.33,50039.74
2021-12-08,50588.95,50471.19,51200.0,48600.0
2021-12-09,50471.19,47545.59,50797.76,47320.0
2021-12-10,47535.9,47140.54,50125.0,46852.0
2021-12-11,47140.54,49389.99,49485.71,46751.0
2021-12-12,49389.99,50053.9,50777.0,48638.0
2021-12-13,50053.9,46702.75,50189.97,45672.75
2021-12-14,46702.76,48343.28,48700.41,46290.0
2021-12-15,48336.95,48864.98,49500.0,46547.0
2021-12-16,48864.98,47632.38,49436.43,47511.0
2021-12-17,47632.38,46131.2,47995.96,45456.0
2021-12-18,46133.83,46834.48,47392.37,45500.0
2021-12-19,46834.47,46681.23,48300.01,46406.91
2021-12-20,46681.24,46914.16,47537.57,45558.85
2021-12-21,46914.17,48889.88,49328.96,46630.0
2021-12-22,48887.59,48588.16,49576.13,48421.87
2021-12-23,48588.17,50838.81,51375.0,47920.42
2021-12-24,50838.82,50820.0,51810.0,50384.43
2021-12-25,50819.99,50399.66,51156.23,50142.32
2021-12-26,50399.67,50775.49,51280.0,49412.0
2021-12-27,50775.48,50701.44,52088.0,50449.0
2021-12-28,50701.44,47543.74,50704.05,47313.01
2021-12-29,47543.74,46464.66,48139.08,46096.99
2021-12-30,46464.66,47120.87,47900.0,45900.0
2021-12-31,47120.88,46216.93,48548.26,45678.0
2022-01-01,46216.93,47722.65,47954.63,46208.37
2022-01-02,47722.66,47286.18,47990.0,46654.0
2022-01-03,47286.18,46446.1,47570.0,45696.0
2022-01-04,46446.1,45832.01,47557.54,45500.0
2022-01-05,45832.01,43451.13,47070.0,42500.0
2022-01-06,43451.14,43082.31,43816.0,42430.58
2022-01-07,43082.3,41566.48,43145.83,40610.0
2022-01-08,41566.48,41679.74,42300.0,40501.0
2022-01-09,41679.74,41864.62,42786.7,41200.02
2022-01-10,41864.62,41822.49,42248.5,39650.0
2022-01-11,41822.49,42729.29,43100.0,41268.93
2022-01-12,42729.29,43902.66,44322.0,42450.0
2022-01-13,43902.65,42560.11,44500.0,42311.22
2022-01-14,42558.35,43059.96,43448.78,41725.95
2022-01-15,43059.96,43084.29,43800.0,42555.0
2022-01-16,43084.29,43071.66,43475.0,42581.79
2022-01-17,43071.66,42201.62,43176.18,41540.42
2022-01-18,42201.63,42352.12,42691.0,41250.0
2022-01-19,42352.12,41660.01,42559.13,41138.56
2022-01-20,41660.0,40680.91,43505.0,40553.31
2022-01-21,40680.92,36445.31,41100.0,35440.45
2022-01-22,36445.31,35071.42,36835.22,34008.0
2022-01-23,35071.42,36244.55,36499.0,34601.01
2022-01-24,36244.55,36660.35,37550.0,32917.17
2022-01-25,36660.35,36958.32,37545.14,35701.0
2022-01-26,36958.32,36809.34,38919.98,36234.63
2022-01-27,36807.24,37160.1,37234.47,35507.01
2022-01-28,37160.11,37716.56,38000.0,36155.01
2022-01-29,37716.57,38166.84,38720.74,37268.44
2022-01-30,38166.83,37881.76,38359.26,37351.63
2022-01-31,37881.75,38466.9,38744.0,36632.61
2022-02-01,38466.9,38694.59,39265.2,38000.0
2022-02-02,38694.59,36896.36,38855.92,36586.95
2022-02-03,36896.37,37311.61,37387.0,36250.0
2022-02-04,37311.98,41574.25,41772.33,37026.73
2022-02-05,41571.7,41382.59,41913.69,40843.01
2022-02-06,41382.6,42380.87,42656.0,41116.56
2022-02-07,42380.87,43839.99,44500.5,41645.85
2022-02-08,43839.99,44042.99,45492.0,42666.0
2022-02-09,44043.0,44372.72,44799.0,43117.92
2022-02-10,44372.71,43495.44,45821.0,43174.01
2022-02-11,43495.44,42373.73,43920.0,41938.51
2022-02-12,42373.73,42217.87,43079.49,41688.88
2022-02-13,42217.87,42053.66,42760.0,41870.0
2022-02-14,42053.65,42535.94,42842.4,41550.56
2022-02-15,42535.94,44544.86,44751.4,42427.03
2022-02-16,44544.85,43873.56,44549.97,43307.0
2022-02-17,43873.56,40515.7,44164.71,40073.21
2022-02-18,40515.71,39974.44,40959.88,39450.0
2022-02-19,39974.45,40079.17,40444.32,39639.03
2022-02-20,40079.17,38386.89,40125.44,38000.0
2022-02-21,38386.89,37008.16,39494.35,36800.0
2022-02-22,37008.16,38230.33,38429.0,36350.0
2022-02-23,38230.33,37250.01,39249.93,37036.79
2022-02-24,37250.02,38327.21,39843.0,34322.28
2022-02-25,38328.68,39219.17,39683.53,38014.37
2022-02-26,39219.16,39116.72,40348.45,38573.18
2022-02-27,39116.73,37699.07,39855.7,37000.0
2022-02-28,37699.08,43160.0,44225.84,37450.17
2022-03-01,43160.0,44421.2,44949.0,42809.98
2022-03-02,44421.2,43892.98,45400.0,43334.09
2022-03-03,43892.99,42454.0,44101.12,41832.28
2022-03-04,42454.0,39148.66,42527.3,38550.0
2022-03-05,39148.65,39397.96,39613.24,38407.59
2022-03-06,39397.97,38420.81,39693.87,38088.57
2022-03-07,38420.8,37988.0,39547.57,37155.0
2022-03-08,37988.01,38730.63,39362.08,37867.65
2022-03-09,38730.63,41941.71,42594.06,38656.45
2022-03-10,41941.7,39422.0,42039.63,38539.73
2022-03-11,39422.01,38729.57,40236.26,38223.6
2022-03-12,38729.57,38807.36,39486.71,38660.52
2022-03-13,38807.35,37777.34,39310.0,37578.51
2022-03-14,37777.35,39671.37,39947.12,37555.0
2022-03-15,39671.37,39280.33,39887.61,38098.33
2022-03-16,39280.33,41114.0,41718.0,38828.48
2022-03-17,41114.01,40917.9,41478.82,40500.0
2022-03-18,40917.89,41757.51,42325.02,40135.04
2022-03-19,41757.51,42201.13,42400.0,41499.29
2022-03-20,42201.13,41262.11,42296.26,40911.0
2022-03-21,41262.11,41002.25,41544.22,40467.94
2022-03-22,41002.26,42364.13,43361.0,40875.51
2022-03-23,42364.13,42882.76,43025.96,41751.47
2022-03-24,42882.76,43991.46,44220.89,42560.46
2022-03-25,43991.46,44313.16,45094.14,43579.0
2022-03-26,44313.16,44511.27,44792.99,44071.97
2022-03-27,44511.27,46827.76,46999.0,44421.46
2022-03-28,46827.76,47122.21,48189.84,46663.56
2022-03-29,47122.21,47434.8,48096.47,46950.85
2022-03-30,47434.79,47067.99,47700.22,46445.42
2022-03-31,47067.99,45510.34,47600.0,45200.0
2022-04-01,45510.35,46283.49,46720.09,44200.0
2022-04-02,46283.49,45811.0,47213.0,45620.0
2022-04-03,45810.99,46407.35,47444.11,45530.92
2022-04-04,46407.36,46580.51,46890.71,45118.0
2022-04-05,46580.5,45497.55,47200.0,45353.81
2022-04-06,45497.54,43170.47,45507.14,43121.0
2022-04-07,43170.47,43444.19,43900.99,42727.35
2022-04-08,43444.2,42252.01,43970.62,42107.14
2022-04-09,42252.02,42753.97,42800.0,42125.48
2022-04-10,42753.96,42158.85,43410.3,41868.0
2022-04-11,42158.85,39530.45,42414.71,39200.0
2022-04-12,39530.45,40074.94,40699.0,39254.63
2022-04-13,40074.95,41147.79,41561.31,39588.54
2022-04-14,41147.78,39942.38,41500.0,39551.94
2022-04-15,39942.37,40551.9,40870.36,39766.4
2022-04-16,40551.9,40378.71,40709.35,39991.55
2022-04-17,40378.7,39678.12,40595.67,39546.17
2022-04-18,39678.11,40801.13,41116.73,38536.51
2022-04-19,40801.13,41493.18,41760.0,40571.0
2022-04-20,41493.19,41358.19,42199.0,40820.0
2022-04-21,41358.19,40480.01,42976.0,39751.0
2022-04-22,40480.01,39709.18,40795.06,39177.0
2022-04-23,39709.19,39441.6,39980.0,39285.0
2022-04-24,39441.61,39450.13,39940.0,38929.62
2022-04-25,39450.12,40426.08,40616.0,38200.0
2022-04-26,40426.08,38112.65,40797.31,37702.26
2022-04-27,38112.64,39235.72,39474.72,37881.31
2022-04-28,39235.72,39742.07,40372.63,38881.43
2022-04-29,39742.06,38596.11,39925.25,38175.0
2022-04-30,38596.11,37630.8,38795.38,37578.2
2022-05-01,37630.8,38468.35,38675.0,37386.38
2022-05-02,38468.35,38525.16,39167.34,38052.0
2022-05-03,38525.16,38455.02,38573.82,38436.73
